Workbook

Sheet CONCILIADA
A1: ID_COD | B1: Grupo | C1: Descrição | D1: Linha | E1: Gramatura | F1: CX_EMB | G1: DESCRICAONF | H1: PRECO
A2: 1 | B2: COMPRESSA ESTÉRIL | C2: Estéril 9 fios | D2: Med Mais | F2: =VLOOKUP(Tabela14[[#This Row],[ID_COD]],Tabela2[],6,0) -> 1000 | G2: GAZE ESTÉRIL 09 FIOS - PCT 10 UND | H2: =VLOOKUP(A2,'Tabela de preços'!A1:H87,8,FALSE) -> 0.4104
A3: 2 | B3: COMPRESSA ESTÉRIL | C3: Estéril 11 fios | D3: Med Mais | F3: =VLOOKUP(Tabela14[[#This Row],[ID_COD]],Tabela2[],6,0) -> 1000 | G3: GAZE ESTÉRIL 11FIOS - PCT 10 UND | H3: =VLOOKUP(A3,'Tabela de preços'!A2:H88,8,FALSE) -> 0.432
A4: 3 | B4: COMPRESSA ESTÉRIL | C4: Estéril 13 fios | D4: Med Mais | F4: =VLOOKUP(Tabela14[[#This Row],[ID_COD]],Tabela2[],6,0) -> 1000 | G4: GAZE ESTÉRIL 13FIOS - PCT 10 UND | H4: =VLOOKUP(A4,'Tabela de preços'!A3:H89,8,FALSE) -> 0.4536
A5: 152 | B5: COMPRESSA ESTÉRIL | C5: Estéril 9 fios | D5: Ultra Textil | F5: =VLOOKUP(Tabela14[[#This Row],[ID_COD]],Tabela2[],6,0) -> 1000 | G5: GAZE ESTERIL 09 FIOS ULTRA TEXTIL PCT 10 UND | H5: =VLOOKUP(A5,'Tabela de preços'!A4:H90,8,FALSE) -> 0.4752
A6: 153 | B6: COMPRESSA ESTÉRIL | C6: Estéril 11 fios | D6: Ultra Textil | F6: =VLOOKUP(Tabela14[[#This Row],[ID_COD]],Tabela2[],6,0) -> 1000 | G6: GAZE ESTERIL 11 FIOS PCT 10 UND | H6: =VLOOKUP(A6,'Tabela de preços'!A5:H91,8,FALSE) -> 0.5076
A7: 154 | B7: COMPRESSA ESTÉRIL | C7: Estéril 13 fios | D7: Ultra Textil | F7: =VLOOKUP(Tabela14[[#This Row],[ID_COD]],Tabela2[],6,0) -> 1000 | G7: GAZE ESTERIL 13 FIOS PCT 10 UND | H7: =VLOOKUP(A7,'Tabela de preços'!A6:H92,8,FALSE) -> 0.5292
A8: 1641 | B8: COMPRESSA ESTÉRIL | C8: Estéril 9 fios | D8: Med Textil | F8: =VLOOKUP(Tabela14[[#This Row],[ID_COD]],Tabela2[],6,0) -> 0 | G8: GAZE ESTÉRIL 09 FIOS - PCT 10 UND | H8: =VLOOKUP(A8,'Tabela de preços'!A7:H93,8,FALSE) -> 0.648
A9: 1642 | B9: COMPRESSA ESTÉRIL | C9: Estéril 11 fios | D9: Med Textil | F9: =VLOOKUP(Tabela14[[#This Row],[ID_COD]],Tabela2[],6,0) -> 900 | G9: GAZE ESTÉRIL 11FIOS - PCT 10 UND | H9: =VLOOKUP(A9,'Tabela de preços'!A8:H94,8,FALSE) -> 0.6696
A10: 1643 | B10: COMPRESSA ESTÉRIL | C10: Estéril 13 fios | D10: Med Textil | F10: =VLOOKUP(Tabela14[[#This Row],[ID_COD]],Tabela2[],6,0) -> 900 | G10: GAZE ESTÉRIL 13FIOS - PCT 10 UND | H10: =VLOOKUP(A10,'Tabela de preços'!A9:H95,8,FALSE) -> 0.702
A11: 1587 | B11: CAMPOS OPERATÓRIOS | C11: CAMPO C/ 2 | D11: Med Mais | F11: =VLOOKUP(Tabela14[[#This Row],[ID_COD]],Tabela2[],6,0) -> 300 | G11: CAMPO OPERATORIO ESTERIL 25X28 - PCT 2 UND | H11: =VLOOKUP(A11,'Tabela de preços'!A10:H96,8,FALSE) -> 2.884
A12: 1588 | B12: CAMPOS OPERATÓRIOS | C12: CAMPO C/ 5 | D12: Med Mais | F12: =VLOOKUP(Tabela14[[#This Row],[ID_COD]],Tabela2[],6,0) -> 150 | G12: CAMPO OPERATORIO ESTERIL 25X28 - PCT 5 UND | H12: =VLOOKUP(A12,'Tabela de preços'!A11:H97,8,FALSE) -> 5.3354
A13: 1586 | B13: CAMPOS OPERATÓRIOS | C13: CAMPO 45 X 50 | D13: Med Mais | F13: =VLOOKUP(Tabela14[[#This Row],[ID_COD]],Tabela2[],6,0) -> 12 | G13: CAMPO OPERATORIO NAO ESTERIL 45X50 - PCT 50 | H13: 49.5
A14: 157 | B14: CAMPOS OPERATÓRIOS | C14: CAMPO C/ 2 | D14: Ultra Textil | F14: =VLOOKUP(Tabela14[[#This Row],[ID_COD]],Tabela2[],6,0) -> 300 | G14: CAMPO OPERATORIO ESTERIL 25X28 - PCT 2 UND | H14: =VLOOKUP(A14,'Tabela de preços'!A13:H99,8,FALSE) -> #N/A
A15: 158 | B15: CAMPOS OPERATÓRIOS | C15: CAMPO C/ 5 | D15: Ultra Textil | F15: =VLOOKUP(Tabela14[[#This Row],[ID_COD]],Tabela2[],6,0) -> 150 | G15: CAMPO OPERATORIO ESTERIL 25X28 - PCT 5 UND | H15: =VLOOKUP(A15,'Tabela de preços'!A14:H100,8,FALSE) -> 7.1894
A16: 155 | B16: CAMPOS OPERATÓRIOS | C16: CAMPO 45 X 50 | D16: Ultra Textil | F16: =VLOOKUP(Tabela14[[#This Row],[ID_COD]],Tabela2[],6,0) -> 0 | G16: CAMPO OPERATORIO NAO ESTERIL 45X50 - PCT 50 UND | H16: 71
A17: 1639 | B17: CAMPOS OPERATÓRIOS | C17: CAMPO C/ 2 | D17: Med Textil | F17: =VLOOKUP(Tabela14[[#This Row],[ID_COD]],Tabela2[],6,0) -> 0 | G17: CAMPO OPERATORIO ESTERIL 25X28 - PCT 2 UND | H17: =VLOOKUP(A17,'Tabela de preços'!A16:H102,8,FALSE) -> 4.4084
A18: 1640 | B18: CAMPOS OPERATÓRIOS | C18: CAMPO C/ 5 | D18: Med Textil | F18: =VLOOKUP(Tabela14[[#This Row],[ID_COD]],Tabela2[],6,0) -> 150 | G18: CAMPO OPERATORIO ESTERIL 25X28 - PCT 5 UND | H18: 7.96
A19: 1209 | B19: CAMPOS OPERATÓRIOS | C19: CAMPO 45 X 50 | D19: Med Textil | F19: =VLOOKUP(Tabela14[[#This Row],[ID_COD]],Tabela2[],6,0) -> 12 | G19: CAMPO OPERATORIO NAO ESTERIL 45X50 - PCT 50 | H19: 86.5
A20: 5 | B20: COMPRESSA NÃO ESTÉRIL – 9 FIOS | C20: COMPRESSA 9 FIOS | D20: Med Mais | E20: 70 | F20: =VLOOKUP(Tabela14[[#This Row],[ID_COD]],Tabela2[],6,0) -> 0 | G20: GAZE NAO ESTÉRIL 09 FIOS | H20: =(Tabela14[[#This Row],[Gramatura]]*6.99)/105 -> 4.66
A21: 6 | B21: COMPRESSA NÃO ESTÉRIL – 9 FIOS | C21: COMPRESSA 9 FIOS | D21: Med Mais | E21: 80 | F21: =VLOOKUP(Tabela14[[#This Row],[ID_COD]],Tabela2[],6,0) -> 0 | G21: GAZE NAO ESTÉRIL 09 FIOS | H21: =(Tabela14[[#This Row],[Gramatura]]*6.99)/105 -> 5.3257143
A22: 7 | B22: COMPRESSA NÃO ESTÉRIL – 9 FIOS | C22: COMPRESSA 9 FIOS | D22: Med Mais | E22: 90 | F22: =VLOOKUP(Tabela14[[#This Row],[ID_COD]],Tabela2[],6,0) -> 0 | G22: GAZE NAO ESTÉRIL 09 FIOS | H22: =(Tabela14[[#This Row],[Gramatura]]*6.99)/105 -> 5.9914286
A23: 8 | B23: COMPRESSA NÃO ESTÉRIL – 9 FIOS | C23: COMPRESSA 9 FIOS | D23: Med Mais | E23: 105 | F23: =VLOOKUP(Tabela14[[#This Row],[ID_COD]],Tabela2[],6,0) -> 72 | G23: GAZE NAO ESTÉRIL 09 FIOS | H23: 6.99
A24: 9 | B24: COMPRESSA NÃO ESTÉRIL – 9 FIOS | C24: COMPRESSA 9 FIOS | D24: Med Mais | E24: 110 | F24: =VLOOKUP(Tabela14[[#This Row],[ID_COD]],Tabela2[],6,0) -> 0 | G24: GAZE NAO ESTÉRIL 09 FIOS E | H24: 7.3228571
A25: 10 | B25: COMPRESSA NÃO ESTÉRIL – 9 FIOS | C25: COMPRESSA 9 FIOS | D25: Med Mais | E25: 120 | F25: =VLOOKUP(Tabela14[[#This Row],[ID_COD]],Tabela2[],6,0) -> 60 | G25: GAZE NAO ESTÉRIL 09 FIOS F | H25: 7.9885714
A26: 11 | B26: COMPRESSA NÃO ESTÉRIL – 9 FIOS | C26: COMPRESSA 9 FIOS | D26: Med Mais | E26: 130 | F26: =VLOOKUP(Tabela14[[#This Row],[ID_COD]],Tabela2[],6,0) -> 50 | G26: GAZE NAO ESTÉRIL 09 FIOS G | H26: 8.6542857
A27: 12 | B27: COMPRESSA NÃO ESTÉRIL – 9 FIOS | C27: COMPRESSA 9 FIOS | D27: Med Mais | E27: 140 | F27: =VLOOKUP(Tabela14[[#This Row],[ID_COD]],Tabela2[],6,0) -> 0 | G27: GAZE NAO ESTÉRIL 09 FIOS H | H27: 9.32
A28: 13 | B28: COMPRESSA NÃO ESTÉRIL – 9 FIOS | C28: COMPRESSA 9 FIOS | D28: Med Mais | E28: 150 | F28: =VLOOKUP(Tabela14[[#This Row],[ID_COD]],Tabela2[],6,0) -> 50 | G28: GAZE NAO ESTÉRIL 09 FIOS I | H28: 10.88
A29: 14 | B29: COMPRESSA NÃO ESTÉRIL – 9 FIOS | C29: COMPRESSA 9 FIOS | D29: Med Mais | E29: 160 | F29: =VLOOKUP(Tabela14[[#This Row],[ID_COD]],Tabela2[],6,0) -> 0 | G29: GAZE NAO ESTÉRIL 09 FIOS J | H29: 10.651429
A30: 15 | B30: COMPRESSA NÃO ESTÉRIL – 9 FIOS | C30: COMPRESSA 9 FIOS | D30: Med Mais | E30: 170 | F30: =VLOOKUP(Tabela14[[#This Row],[ID_COD]],Tabela2[],6,0) -> 0 | G30: GAZE NAO ESTÉRIL 09 FIOS L | H30: 11.317143
A31: 16 | B31: COMPRESSA NÃO ESTÉRIL – 9 FIOS | C31: COMPRESSA 9 FIOS | D31: Med Mais | E31: 180 | F31: =VLOOKUP(Tabela14[[#This Row],[ID_COD]],Tabela2[],6,0) -> 40 | G31: GAZE NAO ESTÉRIL 09 FIOS M | H31: 11.982857
A32: 17 | B32: COMPRESSA NÃO ESTÉRIL – 9 FIOS | C32: COMPRESSA 9 FIOS | D32: Med Mais | E32: 190 | F32: =VLOOKUP(Tabela14[[#This Row],[ID_COD]],Tabela2[],6,0) -> 0 | G32: GAZE NAO ESTÉRIL 09 FIOS N | H32: 12.648571
A33: 18 | B33: COMPRESSA NÃO ESTÉRIL – 9 FIOS | C33: COMPRESSA 9 FIOS | D33: Med Mais | E33: 200 | F33: =VLOOKUP(Tabela14[[#This Row],[ID_COD]],Tabela2[],6,0) -> 0 | G33: GAZE NAO ESTÉRIL 09 FIOS O | H33: 13.314286
A34: 51 | B34: COMPRESSA NÃO ESTÉRIL – 9 FIOS | C34: COMPRESSA 9 FIOS | D34: Ultra Textil | E34: 210 | F34: =VLOOKUP(Tabela14[[#This Row],[ID_COD]],Tabela2[],6,0) -> 40 | G34: GAZE NAO ESTÉRIL 09 FIOS - PCT 500 UND | H34: 14.46
A35: 52 | B35: COMPRESSA NÃO ESTÉRIL – 9 FIOS | C35: COMPRESSA 9 FIOS | D35: Ultra Textil | E35: 220 | F35: =VLOOKUP(Tabela14[[#This Row],[ID_COD]],Tabela2[],6,0) -> 0 | G35: GAZE NAO ESTÉRIL 09 FIOS B | H35: 15.148571
... A135: 136 | B135: GAZE EM ROLO – 9 FIOS | C135: ROLO 9 FIOS | D135: Ultra Textil | E135: 410 | F135: =VLOOKUP(Tabela14[[#This Row],[ID_COD]],Tabela2[],6,0) -> 0 | G135: GAZE CIRCULAR NAO ESTERIL 09 FIOS H | H135: 32.877568
A136: 1960 | B136: GAZE EM ROLO – 9 FIOS | C136: ROLO 9 FIOS | D136: Med Textil | E136: 1460 | F136: 7 | G136: GAZE CIRCULAR NAO ESTERIL 09 FIOS | H136: 94.88
A137: 1775 | B137: GAZE EM ROLO – 9 FIOS | C137: ROLO 9 FIOS | D137: Med Textil | E137: 400 | F137: =VLOOKUP(Tabela14[[#This Row],[ID_COD]],Tabela2[],6,0) -> 0 | G137: GAZE CIRCULAR NAO ESTERIL 09 FIOS A | H137: 32.075676
A138: 1776 | B138: GAZE EM ROLO – 9 FIOS | C138: ROLO 9 FIOS | D138: Med Textil | E138: 410 | F138: =VLOOKUP(Tabela14[[#This Row],[ID_COD]],Tabela2[],6,0) -> 0 | G138: GAZE CIRCULAR NAO ESTERIL 09 FIOS B | H138: 32.877568
A139: 1777 | B139: GAZE EM ROLO – 9 FIOS | C139: ROLO 9 FIOS | D139: Med Textil | E139: 420 | F139: =VLOOKUP(Tabela14[[#This Row],[ID_COD]],Tabela2[],6,0) -> 0 | G139: GAZE CIRCULAR NAO ESTERIL 09 FIOS C | H139: 33.679459
A140: 357 | B140: GAZE EM ROLO – 11 FIOS | C140: ROLO 11 FIOS | D140: Med Mais | E140: 210 | F140: =VLOOKUP(Tabela14[[#This Row],[ID_COD]],Tabela2[],6,0) -> 36 | G140: GAZE CIRCULAR NAO ESTERIL 11 FIOS | H140: 15.8424
A141: 358 | B141: GAZE EM ROLO – 11 FIOS | C141: ROLO 11 FIOS | D141: Med Mais | E141: 220 | F141: =VLOOKUP(Tabela14[[#This Row],[ID_COD]],Tabela2[],6,0) -> 0 | G141: GAZE CIRCULAR NAO ESTERIL 11 FIOS | H141: 16.5968
A142: 261 | B142: GAZE EM ROLO – 11 FIOS | C142: ROLO 11 FIOS | D142: Med Mais | E142: 230 | F142: =VLOOKUP(Tabela14[[#This Row],[ID_COD]],Tabela2[],6,0) -> 0 | G142: GAZE CIRCULAR NAO ESTERIL 11 FIOS | H142: 17.3512
A143: 262 | B143: GAZE EM ROLO – 11 FIOS | C143: ROLO 11 FIOS | D143: Med Mais | E143: 240 | F143: =VLOOKUP(Tabela14[[#This Row],[ID_COD]],Tabela2[],6,0) -> 0 | G143: GAZE CIRCULAR NAO ESTERIL 11 FIOS | H143: 18.1056
A144: 263 | B144: GAZE EM ROLO – 11 FIOS | C144: ROLO 11 FIOS | D144: Med Mais | E144: 250 | F144: =VLOOKUP(Tabela14[[#This Row],[ID_COD]],Tabela2[],6,0) -> 30 | G144: GAZE CIRCULAR NAO ESTERIL 11 FIOS | H144: 18.86
A145: 264 | B145: GAZE EM ROLO – 11 FIOS | C145: ROLO 11 FIOS | D145: Med Mais | E145: 260 | F145: =VLOOKUP(Tabela14[[#This Row],[ID_COD]],Tabela2[],6,0) -> 20 | G145: GAZE CIRCULAR NAO ESTERIL 11 FIOS FA | H145: 19.6144
A146: 265 | B146: GAZE EM ROLO – 11 FIOS | C146: ROLO 11 FIOS | D146: Med Mais | E146: 270 | F146: =VLOOKUP(Tabela14[[#This Row],[ID_COD]],Tabela2[],6,0) -> 0 | G146: GAZE CIRCULAR NAO ESTERIL 11 FIOS GA | H146: 20.3688
A147: 266 | B147: GAZE EM ROLO – 11 FIOS | C147: ROLO 11 FIOS | D147: Med Mais | E147: 280 | F147: =VLOOKUP(Tabela14[[#This Row],[ID_COD]],Tabela2[],6,0) -> 30 | G147: GAZE CIRCULAR NAO ESTERIL 11 FIOS | H147: 21.1232
A148: 267 | B148: GAZE EM ROLO – 11 FIOS | C148: ROLO 11 FIOS | D148: Med Mais | E148: 290 | F148: =VLOOKUP(Tabela14[[#This Row],[ID_COD]],Tabela2[],6,0) -> 0 | G148: GAZE CIRCULAR NAO ESTERIL 11 FIOS IA | H148: 21.8776
... A161: 296 | B161: GAZE EM ROLO – 11 FIOS | C161: ROLO 11 FIOS | D161: Ultra Textil | E161: 400 | F161: =VLOOKUP(Tabela14[[#This Row],[ID_COD]],Tabela2[],6,0) -> 20 | G161: GAZE CIRCULAR NAO ESTERIL 11 FIOS H | H161: 32.189474
A162: 1961 | B162: GAZE EM ROLO – 11 FIOS | C162: ROLO 11 FIOS | D162: Medtextil | E162: 1530 | F162: 7 | G162: GAZE CIRCULAR NAO ESTERIL 11 FIOS | H162: 98.7
A163: 1778 | B163: GAZE EM ROLO – 11 FIOS | C163: ROLO 11 FIOS | D163: Med Textil | E163: 400 | F163: =VLOOKUP(Tabela14[[#This Row],[ID_COD]],Tabela2[],6,0) -> 0 | G163: GAZE CIRCULAR NAO ESTERIL 11 FIOS | H163: #N/A
A164: 1779 | B164: GAZE EM ROLO – 11 FIOS | C164: ROLO 11 FIOS | D164: Med Textil | E164: 410 | F164: =VLOOKUP(Tabela14[[#This Row],[ID_COD]],Tabela2[],6,0) -> 0 | G164: GAZE CIRCULAR NAO ESTERIL 11 FIOS A | H164: #N/A
A165: 1780 | B165: GAZE EM ROLO – 11 FIOS | C165: ROLO 11 FIOS | D165: Med Textil | E165: 420 | F165: =VLOOKUP(Tabela14[[#This Row],[ID_COD]],Tabela2[],6,0) -> 0 | G165: GAZE CIRCULAR NAO ESTERIL 11 FIOS B | H165: #N/A
A166: 359 | B166: GAZE EM ROLO – 13 FIOS | C166: ROLO 13 FIOS | D166: Med Mais | E166: 200 | F166: =VLOOKUP(Tabela14[[#This Row],[ID_COD]],Tabela2[],6,0) -> 36 | G166: GAZE CIRCULAR NAO ESTERIL 13 FIOS | H166: 15.8
A167: 273 | B167: GAZE EM ROLO – 13 FIOS | C167: ROLO 13 FIOS | D167: Med Mais | E167: 210 | F167: =VLOOKUP(Tabela14[[#This Row],[ID_COD]],Tabela2[],6,0) -> 36 | G167: CIRCULAR NAO ESTERIL 13 FIOS | H167: 16.59
A168: 274 | B168: GAZE EM ROLO – 13 FIOS | C168: ROLO 13 FIOS | D168: Med Mais | E168: 220 | F168: =VLOOKUP(Tabela14[[#This Row],[ID_COD]],Tabela2[],6,0) -> 0 | G168: GAZE CIRCULAR NAO ESTERIL 13 FIOS | H168: 17.38
A169: 275 | B169: GAZE EM ROLO – 13 FIOS | C169: ROLO 13 FIOS | D169: Med Mais | E169: 230 | F169: =VLOOKUP(Tabela14[[#This Row],[ID_COD]],Tabela2[],6,0) -> 0 | G169: GAZE CIRCULAR NAO ESTERIL 13 FIOS | H169: 18.17
A170: 276 | B170: GAZE EM ROLO – 13 FIOS | C170: ROLO 13 FIOS | D170: Med Mais | E170: 240 | F170: =VLOOKUP(Tabela14[[#This Row],[ID_COD]],Tabela2[],6,0) -> 30 | G170: GAZE CIRCULAR NAO ESTERIL 13 FIOS | H170: 18.96
A171: 277 | B171: GAZE EM ROLO – 13 FIOS | C171: ROLO 13 FIOS | D171: Med Mais | E171: 250 | F171: =VLOOKUP(Tabela14[[#This Row],[ID_COD]],Tabela2[],6,0) -> 30 | G171: GAZE CIRCULAR NAO ESTERIL 13 FIOS EA | H171: 19.75
A172: 278 | B172: GAZE EM ROLO – 13 FIOS | C172: ROLO 13 FIOS | D172: Med Mais | E172: 260 | F172: =VLOOKUP(Tabela14[[#This Row],[ID_COD]],Tabela2[],6,0) -> 0 | G172: GAZE CIRCULAR NAO ESTERIL 13 FIOS FA | H172: 20.54
A173: 279 | B173: GAZE EM ROLO – 13 FIOS | C173: ROLO 13 FIOS | D173: Med Mais | E173: 270 | F173: =VLOOKUP(Tabela14[[#This Row],[ID_COD]],Tabela2[],6,0) -> 30 | G173: GAZE CIRCULAR NAO ESTERIL 13 FIOS GA | H173: 19.88
A174: 280 | B174: GAZE EM ROLO – 13 FIOS | C174: ROLO 13 FIOS | D174: Med Mais | E174: 280 | F174: =VLOOKUP(Tabela14[[#This Row],[ID_COD]],Tabela2[],6,0) -> 30 | G174: GAZE CIRCULAR NAO ESTERIL 13 FIOS HA | H174: 22.12
A175: 281 | B175: GAZE EM ROLO – 13 FIOS | C175: ROLO 13 FIOS | D175: Med Mais | E175: 290 | F175: =VLOOKUP(Tabela14[[#This Row],[ID_COD]],Tabela2[],6,0) -> 0 | G175: GAZE CIRCULAR NAO ESTERIL 13 FIOS | H175: 22.91
A176: 282 | B176: GAZE EM ROLO – 13 FIOS | C176: ROLO 13 FIOS | D176: Med Mais | E176: 300 | F176: =VLOOKUP(Tabela14[[#This Row],[ID_COD]],Tabela2[],6,0) -> 25 | G176: GAZE CIRCULAR NAO ESTERIL 13 FIOS JA | H176: 23.7
A177: 283 | B177: GAZE EM ROLO – 13 FIOS | C177: ROLO 13 FIOS | D177: Med Mais | E177: 310 | F177: =VLOOKUP(Tabela14[[#This Row],[ID_COD]],Tabela2[],6,0) -> 0 | G177: GAZE CIRCULAR NAO ESTERIL 13 FIOS LA | H177: 24.49
... A193: 304 | B193: GAZE EM ROLO – 13 FIOS | C193: ROLO 13 FIOS | D193: Ultra Textil | E193: 450 | F193: =VLOOKUP(Tabela14[[#This Row],[ID_COD]],Tabela2[],6,0) -> 0 | G193: GAZE CIRCULAR NAO ESTERIL 13 FIOS H | H193: 36.153659
A194: 1962 | B194: GAZE EM ROLO – 13 FIOS | C194: ROLO 13 FIOS | D194: Med Textil | E194: 1650 | F194: 7 | G194: GAZE CIRCULAR NAO ESTERIL 13 FIOS | H194: 107.44
A195: 1781 | B195: GAZE EM ROLO – 13 FIOS | C195: ROLO 13 FIOS | D195: Med Textil | E195: 400 | F195: =VLOOKUP(Tabela14[[#This Row],[ID_COD]],Tabela2[],6,0) -> 0 | G195: GAZE CIRCULAR NAO ESTERIL 13 FIOS | H195: #N/A
A196: 1782 | B196: GAZE EM ROLO – 13 FIOS | C196: ROLO 13 FIOS | D196: Med Textil | E196: 410 | F196: =VLOOKUP(Tabela14[[#This Row],[ID_COD]],Tabela2[],6,0) -> 0 | G196: GAZE CIRCULAR NAO ESTERIL 13 FIOS A | H196: #N/A
A197: 1644 | B197: ATADURAS LINHA FARMA | C197: 8 X 1,00 | D197: Med Mais - COMBATE (A) | F197: =VLOOKUP(Tabela14[[#This Row],[ID_COD]],Tabela2[],6,0) -> 0 | G197: ATADURA DE CREPE 13 FIOS 8 X 1,20 PCT 12 FARMA C | H197: 3.95
A198: 1589 | B198: ATADURAS LINHA FARMA | C198: 10 X 1,00 | D198: Med Mais - COMBATE (A) | F198: =VLOOKUP(Tabela14[[#This Row],[ID_COD]],Tabela2[],6,0) -> 110 | G198: ATADURA DE CREPE 13 FIOS 10 X 1,20 PCT 12 FARMA C | H198: 4.29
A199: 1590 | B199: ATADURAS LINHA FARMA | C199: 12 X 1,00 | D199: Med Mais - COMBATE (A) | F199: =VLOOKUP(Tabela14[[#This Row],[ID_COD]],Tabela2[],6,0) -> 110 | G199: ATADURA DE CREPE 13 FIOS 12 X 1,20 PCT 12 FARMA C | H199: 5.3
A200: 1592 | B200: ATADURAS LINHA FARMA | C200: 15 X 1,00 | D200: Med Mais - COMBATE (A) | F200: =VLOOKUP(Tabela14[[#This Row],[ID_COD]],Tabela2[],6,0) -> 90 | G200: ATADURA DE CREPE 13 FIOS 15 X 1,20 PCT 12 FARMA C | H200: 6.08
A201: 1593 | B201: ATADURAS LINHA FARMA | C201: 20 X 1,00 | D201: Med Mais - COMBATE (A) | F201: =VLOOKUP(Tabela14[[#This Row],[ID_COD]],Tabela2[],6,0) -> 70 | G201: ATADURA DE CREPE 13 FIOS 20 X 1,20 PCT 12 FARMA C | H201: 7.83
B202: ATADURAS LINHA FARMA | C202: 25 X 1,00 | D202: Med Mais - COMBATE (A) | F202: =VLOOKUP(Tabela14[[#This Row],[ID_COD]],Tabela2[],6,0) -> #N/A | H202: #N/A
A203: 1594 | B203: ATADURAS LINHA FARMA | C203: 30 X 1,00 | D203: Med Mais - COMBATE (A) | F203: =VLOOKUP(Tabela14[[#This Row],[ID_COD]],Tabela2[],6,0) -> 50 | G203: ATADURA DE CREPE 13 FIOS 30 X 1,20 PCT 12 FARMA C | H203: 11.6
B204: ATADURAS LINHA FARMA | C204: 8 X 1,50 | D204: Med Mais - COMBATE (A) | F204: =VLOOKUP(Tabela14[[#This Row],[ID_COD]],Tabela2[],6,0) -> #N/A | H204: #N/A
A205: 1595 | B205: ATADURAS LINHA FARMA | C205: 10 X 1,50 | D205: Med Mais - COMBATE (A) | F205: =VLOOKUP(Tabela14[[#This Row],[ID_COD]],Tabela2[],6,0) -> 100 | G205: ATADURA DE CREPE 13 FIOS 10 X 1,80 PCT 12 - FARMA C | H205: 5.81
A206: 1596 | B206: ATADURAS LINHA FARMA | C206: 12 X 1,50 | D206: Med Mais - COMBATE (A) | F206: =VLOOKUP(Tabela14[[#This Row],[ID_COD]],Tabela2[],6,0) -> 90 | G206: ATADURA DE CREPE 13 FIOS 12 X 1,80 PCT 12 FARMA C | H206: 7.32
A207: 1597 | B207: ATADURAS LINHA FARMA | C207: 15 X 1,50 | D207: Med Mais - COMBATE (A) | F207: =VLOOKUP(Tabela14[[#This Row],[ID_COD]],Tabela2[],6,0) -> 75 | G207: ATADURA DE CREPE 13 FIOS 15 X 1,80 PCT 12 FARMA C | H207: 8.58
A208: 1598 | B208: ATADURAS LINHA FARMA | C208: 20 X 1,50 | D208: Med Mais - COMBATE (A) | F208: =VLOOKUP(Tabela14[[#This Row],[ID_COD]],Tabela2[],6,0) -> 60 | G208: ATADURA DE CREPE 13 FIOS 20 X 1,80 PCT 12 FARMA C | H208: 11.12
B209: ATADURAS LINHA FARMA | C209: 25 X 1,50 | D209: Med Mais - COMBATE (A) | F209: =VLOOKUP(Tabela14[[#This Row],[ID_COD]],Tabela2[],6,0) -> #N/A | H209: #N/A
A210: 1599 | B210: ATADURAS LINHA FARMA | C210: 30 X 1,50 | D210: Med Mais - COMBATE (A) | F210: =VLOOKUP(Tabela14[[#This Row],[ID_COD]],Tabela2[],6,0) -> 40 | G210: ATADURA DE CREPE 13 FIOS 30 X 1,80 PCT 12 FARMA C | H210: 15.92
B211: ATADURAS LINHA FARMA | C211: 8 X 1,20 | D211: Med Mais - EXTRA (B) | F211: =VLOOKUP(Tabela14[[#This Row],[ID_COD]],Tabela2[],6,0) -> #N/A | H211: 4.27
A212: 1600 | B212: ATADURAS LINHA FARMA | C212: 10 X 1,20 | D212: Med Mais - EXTRA (B) | F212: =VLOOKUP(Tabela14[[#This Row],[ID_COD]],Tabela2[],6,0) -> 0 | G212: ATADURA DE CREPE 13 FIOS 10 X 1,20 PCT 12 FARMA E | H212: 4.64
A213: 1601 | B213: ATADURAS LINHA FARMA | C213: 12 X 1,20 | D213: Med Mais - EXTRA (B) | F213: =VLOOKUP(Tabela14[[#This Row],[ID_COD]],Tabela2[],6,0) -> 0 | G213: ATADURA DE CREPE 13 FIOS 12 X 1,20 PCT 12 FARMA E | H213: 5.74
A214: 1602 | B214: ATADURAS LINHA FARMA | C214: 15 X 1,20 | D214: Med Mais - EXTRA (B) | F214: =VLOOKUP(Tabela14[[#This Row],[ID_COD]],Tabela2[],6,0) -> 0 | G214: ATADURA DE CREPE 13 FIOS 15 X 1,20 PCT 12 FARMA E | H214: 6.57
A215: 1603 | B215: ATADURAS LINHA FARMA | C215: 20 X 1,20 | D215: Med Mais - EXTRA (B) | F215: =VLOOKUP(Tabela14[[#This Row],[ID_COD]],Tabela2[],6,0) -> 0 | G215: ATADURA DE CREPE 13 FIOS 20 X 1,20 PCT 12 FARMA E | H215: 8.45
B216: ATADURAS LINHA FARMA | C216: 25 X 1,20 | D216: Med Mais - EXTRA (B) | F216: =VLOOKUP(Tabela14[[#This Row],[ID_COD]],Tabela2[],6,0) -> #N/A | H216: #N/A
A217: 1604 | B217: ATADURAS LINHA FARMA | C217: 30 X 1,20 | D217: Med Mais - EXTRA (B) | F217: =VLOOKUP(Tabela14[[#This Row],[ID_COD]],Tabela2[],6,0) -> 0 | G217: ATADURA DE CREPE 13 FIOS 30 X 1,20 PCT 12 FARMA E | H217: 12.58
B218: ATADURAS LINHA FARMA | C218: 8 X 1,80 | D218: Med Mais - EXTRA (B) | F218: =VLOOKUP(Tabela14[[#This Row],[ID_COD]],Tabela2[],6,0) -> #N/A | H218: #N/A
A219: 1605 | B219: ATADURAS LINHA FARMA | C219: 10 X 1,80 | D219: Med Mais - EXTRA (B) | F219: =VLOOKUP(Tabela14[[#This Row],[ID_COD]],Tabela2[],6,0) -> 0 | G219: ATADURA DE CREPE 13 FIOS 10 X 1,80 PCT 12 FARMA E | H219: 6.41
A220: 1606 | B220: ATADURAS LINHA FARMA | C220: 12 X 1,80 | D220: Med Mais - EXTRA (B) | F220: =VLOOKUP(Tabela14[[#This Row],[ID_COD]],Tabela2[],6,0) -> 0 | G220: ATADURA DE CREPE 13 FIOS 12 X 1,80 PCT 12 FARMA E | H220: 7.92
A221: 1608 | B221: ATADURAS LINHA FARMA | C221: 15 X 1,80 | D221: Med Mais - EXTRA (B) | F221: =VLOOKUP(Tabela14[[#This Row],[ID_COD]],Tabela2[],6,0) -> 0 | G221: ATADURA DE CREPE 13 FIOS 15 X 1,80 PCT 12 FARMA E | H221: 9.37
A222: 1609 | B222: ATADURAS LINHA FARMA | C222: 20 X 1,80 | D222: Med Mais - EXTRA (B) | F222: =VLOOKUP(Tabela14[[#This Row],[ID_COD]],Tabela2[],6,0) -> 0 | G222: ATADURA DE CREPE 13 FIOS 20 X 1,80 PCT 12 FARMA E | H222: 12.03
B223: ATADURAS LINHA FARMA | C223: 25 X 1,80 | D223: Med Mais - EXTRA (B) | F223: =VLOOKUP(Tabela14[[#This Row],[ID_COD]],Tabela2[],6,0) -> #N/A | H223: #N/A
A224: 1610 | B224: ATADURAS LINHA FARMA | C224: 30 X 1,80 | D224: Med Mais - EXTRA (B) | F224: =VLOOKUP(Tabela14[[#This Row],[ID_COD]],Tabela2[],6,0) -> 0 | G224: ATADURA DE CREPE 13 FIOS 30 X 1,80 PCT 12 FARMA E | H224: 17.34
B225: ATADURAS LINHA FARMA | C225: 8 X 1,00 | D225: Ultra Textil - COMBATE (A) | F225: =VLOOKUP(Tabela14[[#This Row],[ID_COD]],Tabela2[],6,0) -> #N/A | H225: 3.66
A226: 163 | B226: ATADURAS LINHA FARMA | C226: 10 X 1,00 | D226: Ultra Textil - COMBATE (A) | F226: =VLOOKUP(Tabela14[[#This Row],[ID_COD]],Tabela2[],6,0) -> 110 | G226: ATADURA DE CREPE 13 FIOS 10 X 1,20 PCT 12 FARMA C | H226: 3.97
...

Sheet Tabela de preços
A1: Cod | B1: Produto | C1: Apresentacao | D1: Fios | E1: Unid_Caixa | F1: Linha | G1: Gramat | H1: Preco
A2: 8 | B2: COMPRESSA DE GAZE NÃO ESTERIL | C2: 7,5 X 7,5 - 13x24 (aberta) | D2: 9 fios | E2: 72 | F2: Med Mais | G2: 105gr | H2: 6.99
A3: 310 | B3: COMPRESSA DE GAZE NÃO ESTERIL | C3: 7,5 X 7,5 - 13x24 (aberta) | D3: 11 fios | E3: 60 | F3: Med Mais | G3: 130gr | H3: 9.74
A4: 326 | B4: COMPRESSA DE GAZE NÃO ESTERIL | C4: 7,5 X 7,5 - 13x24 (aberta) | D4: 13 fios | E4: 50 | F4: Med Mais | G4: 150gr | H4: 11.85
A5: 13 | B5: COMPRESSA DE GAZE NÃO ESTERIL | C5: 7,5 X 7,5 - 13x24 (aberta) | D5: 9 fios | E5: 50 | F5: Med Mais | G5: 150gr | H5: 10.88
A6: 313 | B6: COMPRESSA DE GAZE NÃO ESTERIL | C6: 7,5 X 7,5 - 13x24 (aberta) | D6: 11 fios | E6: 50 | F6: Med Mais | G6: 160gr | H6: 11.98
A7: 329 | B7: COMPRESSA DE GAZE NÃO ESTERIL | C7: 7,5 X 7,5 - 13x24 (aberta) | D7: 13 fios | E7: 50 | F7: Med Mais | G7: 180gr | H7: 14.22
A8: 85 | B8: GAZE HIDROFILA CIRCULAR | C8: Tipo Queijo 91 | D8: 9 fios | E8: 36 | F8: Med Mais | G8: 210gr | H8: 15.44
A9: 263 | B9: GAZE HIDROFILA CIRCULAR | C9: Tipo Queijo 91 | D9: 11 fios | E9: 30 | F9: Med Mais | G9: 250gr | H9: 18.86
A10: 279 | B10: GAZE HIDROFILA CIRCULAR | C10: Tipo Queijo 91 | D10: 13 fios | E10: 30 | F10: Med Mais | G10: 270gr | H10: 19.88
A11: 94 | B11: GAZE HIDROFILA CIRCULAR | C11: Tipo Queijo 91 | D11: 9 fios | E11: 30 | F11: Med Mais | G11: 300gr | H11: 22.8
A12: 271 | B12: GAZE HIDROFILA CIRCULAR | C12: Tipo Queijo 91 | D12: 11 fios | E12: 25 | F12: Med Mais | G12: 320gr | H12: 24.86
A13: 286 | B13: GAZE HIDROFILA CIRCULAR | C13: Tipo Queijo 91 | D13: 13 fios | E13: 25 | F13: Med Mais | G13: 340gr | H13: 26.86
A14: 1 | B14: COMPRESSA ESTÉRIL – 9FIOS | C14: 7,5 X 7,5 - 13x24 (aberta) | D14: 9 fios | E14: 1000 | F14: Med Mais | H14: 0.4104
A15: 2 | B15: COMPRESSA ESTÉRIL – 11FIOS | C15: 7,5 X 7,5 - 13x24 (aberta) | D15: 11 fios | E15: 1000 | F15: Med Mais | H15: 0.432
A16: 3 | B16: COMPRESSA ESTÉRIL – 13FIOS | C16: 7,5 X 7,5 - 13x24 (aberta) | D16: 13 fios | E16: 1000 | F16: Med Mais | H16: 0.4536
A17: 1586 | B17: CAMPO OPERATÓRIO 45X50 (Com Radiopaco) | C17: PCT C/50 | E17: 12 | F17: Med Mais | H17: 49.5
A18: 1797 | B18: CAMPO OPERATÓRIO 45X50 (Sem Radiopaco) | C18: PCT C/50 | E18: 12 | F18: Med Mais | H18: 48.5
A19: 1588 | B19: CAMPO OPERATÓRIO – Pré encolhido | C19: PCT C/5 UND | E19: 150 | F19: Med Mais | H19: 5.3354
A20: 1587 | B20: CAMPO OPERATÓRIO – Pré encolhido | C20: PCT C/2 UND | E20: 300 | F20: Med Mais | H20: 2.884
A21: 1644 | B21: ATADURA DE CREPE - FARMA | C21: 08CM x 1,20M | D21: 13 FIOS | E21: 115 DUZIAS | F21: Med Mais | H21: 3.9528
A22: 1589 | B22: ATADURA DE CREPE - FARMA | C22: 10CM x 1,20M | D22: 13 FIOS | E22: 110 DUZIAS | F22: Med Mais | H22: 4.2876
A23: 1590 | B23: ATADURA DE CREPE - FARMA | C23: 12CM x 1,20M | D23: 13 FIOS | E23: 110 DUZIAS | F23: Med Mais | H23: 5.3028
A24: 1592 | B24: ATADURA DE CREPE - FARMA | C24: 15CM x 1,20M | D24: 13 FIOS | E24: 90 DUZIAS | F24: Med Mais | H24: 6.0804
A25: 1593 | B25: ATADURA DE CREPE - FARMA | C25: 20CM x 1,20M | D25: 13 FIOS | E25: 70 DUZIAS | F25: Med Mais | H25: 7.83
A26: 1594 | B26: ATADURA DE CREPE - FARMA | C26: 30CM x 1,20M | D26: 13 FIOS | E26: 50 DUZIAS | F26: Med Mais | H26: 11.5992
A27: 1973 | B27: ATADURA DE CREPE - FARMA | C27: 08CM x 1,80M | D27: 13 FIOS | E27: 105 DUZIAS | F27: Med Mais | H27: 5.3568
A28: 1595 | B28: ATADURA DE CREPE - FARMA | C28: 10CM x 1,80M | D28: 13 FIOS | E28: 100 DUZIAS | F28: Med Mais | H28: 5.8104
A29: 1596 | B29: ATADURA DE CREPE - FARMA | C29: 12CM x 1,80M | D29: 13 FIOS | E29: 90 DUZIAS | F29: Med Mais | H29: 7.3224
A30: 1597 | B30: ATADURA DE CREPE - FARMA | C30: 15CM x 1,80M | D30: 13 FIOS | E30: 75 DUZIAS | F30: Med Mais | H30: 8.5752
A31: 1598 | B31: ATADURA DE CREPE - FARMA | C31: 20CM x 1,80M | D31: 13 FIOS | E31: 60 DUZIAS | F31: Med Mais | H31: 11.124
A32: 1599 | B32: ATADURA DE CREPE - FARMA | C32: 30CM x 1,80M | D32: 13 FIOS | E32: 40 DUZIAS | F32: Med Mais | H32: 15.9192
... A42: 1615 | B42: ATADURA DE CREPE - HOSPITALAR | C42: 30CM x 1,80M | D42: 13 FIOS | E42: 28 DUZIAS | F42: Med Mais | H42: 15.444
A43: 51 | B43: COMPRESSA DE GAZE NÃO ESTERIL | C43: 7,5 X 7,5 - 15x26 (aberta) | D43: 9 fios | E43: 40 | F43: Ultra Têxtil | G43: 500 und | H43: 14.46
A44: 339 | B44: COMPRESSA DE GAZE NÃO ESTERIL | C44: 7,5 X 7,5 - 15x26 (aberta) | D44: 11 fios | E44: 32 | F44: Ultra Têxtil | G44: 500 und | H44: 16.58
A45: 349 | B45: COMPRESSA DE GAZE NÃO ESTERIL | C45: 7,5 X 7,5 - 15x26 (aberta) | D45: 13 fios | E45: 32 | F45: Ultra Têxtil | G45: 500 und | H45: 19.22
A46: 132 | B46: GAZE HIDROFILA CIRCULAR | C46: Tipo Queijo 91 | D46: 9 fios | E46: 20 | F46: Ultra Têxtil | G46: 370gr | H46: 29.67
A47: 294 | B47: GAZE HIDROFILA CIRCULAR | C47: Tipo Queijo 91 | D47: 11 fios | E47: 20 | F47: Ultra Têxtil | G47: 380gr | H47: 30.58
A48: 300 | B48: GAZE HIDROFILA CIRCULAR | C48: Tipo Queijo 91 | D48: 13 fios | E48: 20 | F48: Ultra Têxtil | G48: 410gr | H48: 32.94
A49: 152 | B49: COMPRESSA ESTÉRIL – 9FIOS | C49: 7,5 X 7,5 - 15x26 (aberta) | D49: 9 fios | E49: 1000 | F49: Ultra Têxtil | H49: 0.4752
A50: 153 | B50: COMPRESSA ESTÉRIL – 11FIOS | C50: 7,5 X 7,5 - 15x26 (aberta) | D50: 11 fios | E50: 1000 | F50: Ultra Têxtil | H50: 0.5076
A51: 154 | B51: COMPRESSA ESTÉRIL – 13FIOS | C51: 7,5 X 7,5 - 15x26 (aberta) | D51: 13 fios | E51: 1000 | F51: Ultra Têxtil | H51: 0.5292
A52: 155 | B52: CAMPO OPERATÓRIO - LEVE (Com Radiopaco) | C52: PCT C/50 | E52: 12 | F52: Ultra Têxtil | G52: 20gr | H52: 71
A53: 158 | B53: CAMPO OPERATÓRIO – Pré encolhido | C53: PCT C/5 UND | E53: 150 | F53: Ultra Têxtil | G53: 17gr | H53: 7.1894
A54: 1957 | B54: COMPRESSA DE GAZE NÃO ESTERIL | C54: 7,5 X 7,5 - 15x30 (aberta) | D54: 9 fios | F54: Medtextil | G54: 500 und | H54: 27.88
A55: 1958 | B55: COMPRESSA DE GAZE NÃO ESTERIL | C55: 7,5 X 7,5 - 15x30 (aberta) | D55: 11 fios | F55: Medtextil | G55: 500 und | H55: 28.67
A56: 1959 | B56: COMPRESSA DE GAZE NÃO ESTERIL | C56: 7,5 X 7,5 - 15x30 (aberta) | D56: 13 fios | F56: Medtextil | G56: 500 und | H56: 30.77
A57: 1960 | B57: GAZE HIDROFILA CIRCULAR | C57: Tipo Queijo 91cm x 91m | D57: 9 fios | F57: Medtextil | G57: 1.460gr | H57: 94.88
A58: 1961 | B58: GAZE HIDROFILA CIRCULAR | C58: Tipo Queijo 91cm x 91m | D58: 11 fios | F58: Medtextil | G58: 1.530gr | H58: 98.7
A59: 1962 | B59: GAZE HIDROFILA CIRCULAR | C59: Tipo Queijo 91cm x 91m | D59: 13 fios | F59: Medtextil | G59: 1.650gr | H59: 107.44
A60: 1641 | B60: COMPRESSA ESTÉRIL – 9FIOS 7,50 X 7,50 | C60: 7,5 X 7,5 - 15x30 (aberta) | D60: 9 fios | F60: MedTextil | H60: 0.648
A61: 1642 | B61: COMPRESSA ESTÉRIL – 11FIOS 7,50 X 7,50 | C61: 7,5 X 7,5 - 15x30 (aberta) | D61: 11 fios | F61: MedTextil | H61: 0.6696
A62: 1643 | B62: COMPRESSA ESTÉRIL – 13FIOS 7,50 X 7,50 | C62: 7,5 X 7,5 - 15x30 (aberta) | D62: 13 fios | F62: MedTextil | H62: 0.702
A63: 1209 | B63: CAMPO OPERATÓRIO - LEVE | C63: PCT C/50 | F63: MedTextil | G63: 25gr | H63: 86.5
A64: 1640 | B64: CAMPO OPERATÓRIO – Pré encolhido | C64: PCT C/5 UND | F64: MedTextil | G64: 20gr | H64: 8.1988
A65: 1639 | B65: CAMPO OPERATÓRIO – Pré encolhido | C65: PCT C/2 UND | F65: MedTextil | G65: 20gr | H65: 4.4084
A66: 1787 | B66: ATADURA DE CREPE - FARMA | C66: 08CM x 1,20M | D66: 13 FIOS | E66: 115 DUZIAS | F66: MedTextil | H66: 4.6116
A67: 1656 | B67: ATADURA DE CREPE - FARMA | C67: 10CM x 1,20M | D67: 13 FIOS | E67: 110 DUZIAS | F67: MedTextil | H67: 5.0112
A68: 1657 | B68: ATADURA DE CREPE - FARMA | C68: 12CM x 1,20M | D68: 13 FIOS | E68: 85 DUZIAS | F68: MedTextil | H68: 6.1992
A69: 1658 | B69: ATADURA DE CREPE - FARMA | C69: 15CM x 1,20M | D69: 13 FIOS | E69: 80 DUZIAS | F69: MedTextil | H69: 7.0956
A70: 1659 | B70: ATADURA DE CREPE - FARMA | C70: 20CM x 1,20M | D70: 13 FIOS | E70: 70 DUZIAS | F70: MedTextil | H70: 9.126
A71: 1660 | B71: ATADURA DE CREPE - FARMA | C71: 30CM x 1,20M | D71: 13 FIOS | E71: 45 DUZIAS | F71: MedTextil | H71: 13.5864
A72: 1974 | B72: ATADURA DE CREPE - FARMA | C72: 08CM x 1,80M | D72: 13 FIOS | E72: 95 DUZIAS | F72: MedTextil | H72: 6.372
A73: 1661 | B73: ATADURA DE CREPE - FARMA | C73: 10CM x 1,80M | D73: 13 FIOS | E73: 90 DUZIAS | F73: MedTextil | H73: 6.9228
A74: 1662 | B74: ATADURA DE CREPE - FARMA | C74: 12CM x 1,80M | D74: 13 FIOS | E74: 80 DUZIAS | F74: MedTextil | H74: 8.5536
A75: 1663 | B75: ATADURA DE CREPE - FARMA | C75: 15CM x 1,80M | D75: 13 FIOS | E75: 70 DUZIAS | F75: MedTextil | H75: 10.1196
A76: 1664 | B76: ATADURA DE CREPE - FARMA | C76: 20CM x 1,80M | D76: 13 FIOS | E76: 60 DUZIAS | F76: MedTextil | H76: 12.9924
A77: 1665 | B77: ATADURA DE CREPE - FARMA | C77: 30CM x 1,80M | D77: 13 FIOS | E77: 35 DUZIAS | F77: MedTextil | H77: 18.7272
... A87: 1972 | B87: ATADURA DE CREPE - HOSPITALAR | C87: 30CM x 1,80M | D87: 13 FIOS | E87: 26 DUZIAS | F87: MedTextil | H87: 18.1764

Sheet Estoque
A1: COD | B1: DESCRIÇÃO | C1: PESO | D1: TIPO | E1: VOL. | F1: UNID. | G1: TOTAL
A2: 1 | B2: COMPRESSA ESTÉRIL Estéril 9 fios | D2: Med Mais | E2: 0 | F2: 1000 | G2: #VALUE!
A3: 2 | B3: COMPRESSA ESTÉRIL Estéril 11 fios | D3: Med Mais | E3: 14 | F3: 1000 | G3: #VALUE!
A4: 3 | B4: COMPRESSA ESTÉRIL Estéril 13 fios | D4: Med Mais | E4: 0 | F4: 1000 | G4: 14000
A5: 4 | B5: COMPRESSA ESTÉRIL ESTÉRIL 13 FIOS CONVIVA | D5: Conviva (Marca Própria) | E5: 13 | F5: 1000 | G5: 0
A6: 1 | B6: COMPRESSA ESTÉRIL Estéril 9 fios | D6: Med Mais | E6: 0 | F6: 1000 | G6: 0
A7: 2 | B7: COMPRESSA ESTÉRIL Estéril 11 fios | D7: Med Mais | E7: 0 | F7: 1000 | G7: 0
A8: 3 | B8: COMPRESSA ESTÉRIL Estéril 13 fios | D8: Med Mais | E8: 0 | F8: 1000 | G8: 0
A9: 152 | B9: COMPRESSA ESTÉRIL Estéril 9 fios | D9: Ultra Textil | E9: 9 | F9: 1000 | G9: 0
A10: 153 | B10: COMPRESSA ESTÉRIL Estéril 11 fios | D10: Ultra Textil | E10: 0 | F10: 1000 | G10: 0
A11: 154 | B11: COMPRESSA ESTÉRIL Estéril 13 fios | D11: Ultra Textil | E11: 0 | F11: 1000 | G11: 288
A12: 1641 | B12: COMPRESSA ESTÉRIL Estéril 9 fios | D12: Med Textil | E12: 0 | G12: 0
A13: 1642 | B13: COMPRESSA ESTÉRIL Estéril 11 fios | D13: Med Textil | E13: 0 | F13: 900 | G13: 60
A14: 1643 | B14: COMPRESSA ESTÉRIL Estéril 13 fios | D14: Med Textil | E14: 14 | F14: 900 | G14: 0
A15: 1587 | B15: CAMPOS OPERATÓRIOS CAMPO C/ 2 | D15: Med Mais | E15: 0 | F15: 300 | G15: 0
A16: 1588 | B16: CAMPOS OPERATÓRIOS CAMPO C/ 5 | D16: Med Mais | E16: 0 | F16: 150 | G16: 0
A17: 1586 | B17: CAMPOS OPERATÓRIOS CAMPO 45 X 50 | D17: Med Mais | E17: 1 | F17: 12 | G17: 0
A18: 157 | B18: CAMPOS OPERATÓRIOS CAMPO C/ 2 | D18: Ultra Textil | E18: 0 | F18: 300 | G18: 0
A19: 158 | B19: CAMPOS OPERATÓRIOS CAMPO C/ 5 | D19: Ultra Textil | E19: 0 | F19: 150 | G19: 0
A20: 155 | B20: CAMPOS OPERATÓRIOS CAMPO 45 X 50 | D20: Ultra Textil | E20: 0 | G20: 0
A21: 1639 | B21: CAMPOS OPERATÓRIOS CAMPO C/ 2 | D21: Med Textil | E21: 0 | G21: 0
A22: 1640 | B22: CAMPOS OPERATÓRIOS CAMPO C/ 5 | D22: Med Textil | E22: 0 | F22: 150 | G22: 0
A23: 1209 | B23: CAMPOS OPERATÓRIOS CAMPO 45 X 50 | D23: Med Textil | E23: 0 | F23: 12 | G23: 200
A24: 5 | B24: COMPRESSA NÃO ESTÉRIL – 9 FIOS COMPRESSA 9 FIOS | C24: 70 | D24: Med Mais | E24: 0 | G24: 0
A25: 6 | B25: COMPRESSA NÃO ESTÉRIL – 9 FIOS COMPRESSA 9 FIOS | C25: 80 | D25: Med Mais | E25: 4 | G25: 0
A26: 7 | B26: COMPRESSA NÃO ESTÉRIL – 9 FIOS COMPRESSA 9 FIOS | C26: 90 | D26: Med Mais | E26: 0 | G26: 0
A27: 8 | B27: COMPRESSA NÃO ESTÉRIL – 9 FIOS COMPRESSA 9 FIOS | C27: 100 | D27: Med Mais | E27: 0 | F27: 72 | G27: 90
A28: 9 | B28: COMPRESSA NÃO ESTÉRIL – 9 FIOS COMPRESSA 9 FIOS | C28: 110 | D28: Med Mais | E28: 0 | G28: 0
A29: 10 | B29: COMPRESSA NÃO ESTÉRIL – 9 FIOS COMPRESSA 9 FIOS | C29: 120 | D29: Med Mais | E29: 3 | F29: 60 | G29: 0
A30: 11 | B30: COMPRESSA NÃO ESTÉRIL – 9 FIOS COMPRESSA 9 FIOS | C30: 130 | D30: Med Mais | E30: 0 | F30: 50 | G30: 0
A31: 12 | B31: COMPRESSA NÃO ESTÉRIL – 9 FIOS COMPRESSA 9 FIOS | C31: 140 | D31: Med Mais | E31: 0 | G31: 96
A32: 13 | B32: COMPRESSA NÃO ESTÉRIL – 9 FIOS COMPRESSA 9 FIOS | C32: 150 | D32: Med Mais | E32: 0 | F32: 50 | G32: 0
A33: 14 | B33: COMPRESSA NÃO ESTÉRIL – 9 FIOS COMPRESSA 9 FIOS | C33: 160 | D33: Med Mais | E33: 4 | G33: 0
A34: 15 | B34: COMPRESSA NÃO ESTÉRIL – 9 FIOS COMPRESSA 9 FIOS | C34: 170 | D34: Med Mais | E34: 0 | G34: 0
A35: 16 | B35: COMPRESSA NÃO ESTÉRIL – 9 FIOS COMPRESSA 9 FIOS | C35: 180 | D35: Med Mais | E35: 4 | F35: 40 | G35: 192
A36: 17 | B36: COMPRESSA NÃO ESTÉRIL – 9 FIOS COMPRESSA 9 FIOS | C36: 190 | D36: Med Mais | E36: 0 | G36: 0
A37: 18 | B37: COMPRESSA NÃO ESTÉRIL – 9 FIOS COMPRESSA 9 FIOS | C37: 200 | D37: Med Mais | E37: 0 | G37: 128
A38: 51 | B38: COMPRESSA NÃO ESTÉRIL – 9 FIOS COMPRESSA 9 FIOS | C38: 210 | D38: Ultra Textil | E38: 0 | F38: 40 | G38: 0
A39: 52 | B39: COMPRESSA NÃO ESTÉRIL – 9 FIOS COMPRESSA 9 FIOS | C39: 220 | D39: Ultra Textil | E39: 0 | G39: 0
A40: 53 | B40: COMPRESSA NÃO ESTÉRIL – 9 FIOS COMPRESSA 9 FIOS | C40: 230 | D40: Ultra Textil | E40: 0 | G40: 0
A41: 54 | B41: COMPRESSA NÃO ESTÉRIL – 9 FIOS COMPRESSA 9 FIOS | C41: 240 | D41: Ultra Textil | E41: 1 | G41: 0
A42: 55 | B42: COMPRESSA NÃO ESTÉRIL – 9 FIOS COMPRESSA 9 FIOS | C42: 250 | D42: Ultra Textil | E42: 0 | F42: 30 | G42: 0
A43: 56 | B43: COMPRESSA NÃO ESTÉRIL – 9 FIOS COMPRESSA 9 FIOS | C43: 260 | D43: Ultra Textil | E43: 0 | G43: 72
A44: 57 | B44: COMPRESSA NÃO ESTÉRIL – 9 FIOS COMPRESSA 9 FIOS | C44: 270 | D44: Ultra Textil | E44: 0 | G44: 0
A45: 58 | B45: COMPRESSA NÃO ESTÉRIL – 9 FIOS COMPRESSA 9 FIOS | C45: 280 | D45: Ultra Textil | E45: 0 | G45: 0
A46: 59 | B46: COMPRESSA NÃO ESTÉRIL – 9 FIOS COMPRESSA 9 FIOS | C46: 290 | D46: Ultra Textil | E46: 0 | F46: 32 | G46: 0
A47: 60 | B47: COMPRESSA NÃO ESTÉRIL – 9 FIOS COMPRESSA 9 FIOS | C47: 300 | D47: Ultra Textil | G47: 0
A48: 61 | B48: COMPRESSA NÃO ESTÉRIL – 9 FIOS COMPRESSA 9 FIOS | C48: 310 | D48: Ultra Textil | E48: 0 | G48: 0
A49: 19 | B49: COMPRESSA NÃO ESTÉRIL – 9 FIOS COMPRESSA 9 FIOS | C49: 320 | D49: Ultra Textil | E49: 0 | G49: 0
A50: 1754 | B50: COMPRESSA NÃO ESTÉRIL – 9 FIOS COMPRESSA 9 FIOS | C50: 210 | D50: Med Textil | E50: 0 | F50: 40 | G50: 0
A51: 1774 | B51: COMPRESSA NÃO ESTÉRIL – 9 FIOS COMPRESSA 9 FIOS | C51: 220 | D51: Med Textil | G51: 0
A52: 307 | B52: COMPRESSA NÃO ESTÉRIL – 11 FIOS COMPRESSA 11 FIOS | C52: 100 | D52: Med Mais | E52: 0 | F52: 72 | G52: 0
A53: 308 | B53: COMPRESSA NÃO ESTÉRIL – 11 FIOS COMPRESSA 11 FIOS | C53: 110 | D53: Med Mais | E53: 0 | G53: 0
A54: 309 | B54: COMPRESSA NÃO ESTÉRIL – 11 FIOS COMPRESSA 11 FIOS | C54: 120 | D54: Med Mais | E54: 2 | F54: 60 | G54: 0
A55: 310 | B55: COMPRESSA NÃO ESTÉRIL – 11 FIOS COMPRESSA 11 FIOS | C55: 130 | D55: Med Mais | E55: 0 | F55: 60 | G55: 0
A56: 311 | B56: COMPRESSA NÃO ESTÉRIL – 11 FIOS COMPRESSA 11 FIOS | C56: 140 | D56: Med Mais | E56: 1 | G56: 100
A57: 312 | B57: COMPRESSA NÃO ESTÉRIL – 11 FIOS COMPRESSA 11 FIOS | C57: 150 | D57: Med Mais | E57: 0 | G57: 0
A58: 313 | B58: COMPRESSA NÃO ESTÉRIL – 11 FIOS COMPRESSA 11 FIOS | C58: 160 | D58: Med Mais | E58: 0 | F58: 50 | G58: 50
A59: 314 | B59: COMPRESSA NÃO ESTÉRIL – 11 FIOS COMPRESSA 11 FIOS | C59: 170 | D59: Med Mais | E59: 0 | F59: 50 | G59: 0
A60: 315 | B60: COMPRESSA NÃO ESTÉRIL – 11 FIOS COMPRESSA 11 FIOS | C60: 180 | D60: Med Mais | E60: 0 | G60: 0
A61: 316 | B61: COMPRESSA NÃO ESTÉRIL – 11 FIOS COMPRESSA 11 FIOS | C61: 190 | D61: Med Mais | E61: 0 | G61: 0
A62: 317 | B62: COMPRESSA NÃO ESTÉRIL – 11 FIOS COMPRESSA 11 FIOS | C62: 200 | D62: Med Mais | E62: 0 | G62: 0
A63: 318 | B63: COMPRESSA NÃO ESTÉRIL – 11 FIOS COMPRESSA 11 FIOS | C63: 210 | D63: Med Mais | G63: 0
A64: 319 | B64: COMPRESSA NÃO ESTÉRIL – 11 FIOS COMPRESSA 11 FIOS | C64: 220 | D64: Med Mais | E64: 0 | F64: 40 | G64: 0
A65: 320 | B65: COMPRESSA NÃO ESTÉRIL – 11 FIOS COMPRESSA 11 FIOS | C65: 230 | D65: Med Mais | E65: 0 | F65: 32 | G65: 0
A66: 1690 | B66: COMPRESSA NÃO ESTÉRIL – 11 FIOS COMPRESSA 11 FIOS | C66: 250 | D66: Med Mais | E66: 0 | G66: 0
A67: 339 | B67: COMPRESSA NÃO ESTÉRIL – 11 FIOS COMPRESSA 11 FIOS | C67: 240 | D67: Ultra Textil | E67: 0 | F67: 40 | G67: 0
A68: 63 | B68: COMPRESSA NÃO ESTÉRIL – 11 FIOS COMPRESSA 11 FIOS | C68: 250 | D68: Ultra Textil | E68: 0 | F68: 32 | G68: 0
A69: 340 | B69: COMPRESSA NÃO ESTÉRIL – 11 FIOS COMPRESSA 11 FIOS | C69: 260 | D69: Ultra Textil | E69: 0 | G69: 0
A70: 341 | B70: COMPRESSA NÃO ESTÉRIL – 11 FIOS COMPRESSA 11 FIOS | C70: 270 | D70: Ultra Textil | E70: 0 | G70: 0
A71: 342 | B71: COMPRESSA NÃO ESTÉRIL – 11 FIOS COMPRESSA 11 FIOS | C71: 280 | D71: Ultra Textil | E71: 0 | G71: 0
A72: 343 | B72: COMPRESSA NÃO ESTÉRIL – 11 FIOS COMPRESSA 11 FIOS | C72: 290 | D72: Ultra Textil | E72: 0 | G72: 0
A73: 344 | B73: COMPRESSA NÃO ESTÉRIL – 11 FIOS COMPRESSA 11 FIOS | C73: 300 | D73: Ultra Textil | E73: 0 | G73: 0
A74: 345 | B74: COMPRESSA NÃO ESTÉRIL – 11 FIOS COMPRESSA 11 FIOS | C74: 310 | D74: Ultra Textil | E74: 0 | G74: 0
A75: 346 | B75: COMPRESSA NÃO ESTÉRIL – 11 FIOS COMPRESSA 11 FIOS | C75: 320 | D75: Ultra Textil | E75: 0 | G75: 0
A76: 347 | B76: COMPRESSA NÃO ESTÉRIL – 11 FIOS COMPRESSA 11 FIOS | C76: 330 | D76: Ultra Textil | E76: 0 | G76: 0
A77: 348 | B77: COMPRESSA NÃO ESTÉRIL – 11 FIOS COMPRESSA 11 FIOS | C77: 340 | D77: Ultra Textil | E77: 0 | G77: 0
A78: 1700 | B78: COMPRESSA NÃO ESTÉRIL – 11 FIOS COMPRESSA DE GAZE 11F | C78: 240 | D78: Med Textil | E78: 0 | G78: 0
A79: 1697 | B79: COMPRESSA NÃO ESTÉRIL – 11 FIOS COMPRESSA DE GAZE 11F | C79: 250 | D79: Med Textil | E79: 0 | G79: 0
A80: 321 | B80: COMPRESSA NÃO ESTÉRIL – 13 FIOS COMPRESSA 13 FIOS | C80: 100 | D80: Med Mais | E80: 0 | F80: 72 | G80: 0
A81: 322 | B81: COMPRESSA NÃO ESTÉRIL – 13 FIOS COMPRESSA 13 FIOS | C81: 110 | D81: Med Mais | E81: 0 | F81: 72 | G81: 0
A82: 323 | B82: COMPRESSA NÃO ESTÉRIL – 13 FIOS COMPRESSA 13 FIOS | C82: 120 | D82: Med Mais | E82: 0 | F82: 60 | G82: 50
A83: 324 | B83: COMPRESSA NÃO ESTÉRIL – 13 FIOS COMPRESSA 13 FIOS | C83: 130 | D83: Med Mais | F83: 60 | G83: 0
A84: 325 | B84: COMPRESSA NÃO ESTÉRIL – 13 FIOS COMPRESSA 13 FIOS | C84: 140 | D84: Med Mais | E84: 0 | F84: 50 | G84: 0
A85: 326 | B85: COMPRESSA NÃO ESTÉRIL – 13 FIOS COMPRESSA 13 FIOS | C85: 150 | D85: Med Mais | E85: 0 | F85: 50 | G85: 0
A86: 327 | B86: COMPRESSA NÃO ESTÉRIL – 13 FIOS COMPRESSA 13 FIOS | C86: 160 | D86: Med Mais | E86: 0 | F86: 50 | G86: 0
A87: 328 | B87: COMPRESSA NÃO ESTÉRIL – 13 FIOS COMPRESSA 13 FIOS | C87: 170 | D87: Med Mais | E87: 2 | F87: 50 | G87: 72
A88: 329 | B88: COMPRESSA NÃO ESTÉRIL – 13 FIOS COMPRESSA 13 FIOS | C88: 180 | D88: Med Mais | E88: 0 | F88: 50 | G88: 72
A89: 330 | B89: COMPRESSA NÃO ESTÉRIL – 13 FIOS COMPRESSA 13 FIOS | C89: 190 | D89: Med Mais | E89: 0 | F89: 90 | G89: 0
A90: 331 | B90: COMPRESSA NÃO ESTÉRIL – 13 FIOS COMPRESSA 13 FIOS | C90: 200 | D90: Med Mais | E90: 0 | G90: 0
A91: 332 | B91: COMPRESSA NÃO ESTÉRIL – 13 FIOS COMPRESSA 13 FIOS | C91: 210 | D91: Med Mais | E91: 4 | G91: 0
A92: 333 | B92: COMPRESSA NÃO ESTÉRIL – 13 FIOS COMPRESSA 13 FIOS | C92: 220 | D92: Med Mais | E92: 0 | F92: 50 | G92: 120
A93: 334 | B93: COMPRESSA NÃO ESTÉRIL – 13 FIOS COMPRESSA 13 FIOS | C93: 230 | D93: Med Mais | E93: 0 | G93: 0
A94: 335 | B94: COMPRESSA NÃO ESTÉRIL – 13 FIOS COMPRESSA 13 FIOS | C94: 240 | D94: Med Mais | E94: 0 | F94: 40 | G94: 0
A95: 336 | B95: COMPRESSA NÃO ESTÉRIL – 13 FIOS COMPRESSA 13 FIOS | C95: 250 | D95: Med Mais | E95: 0 | F95: 40 | G95: 0
A96: 337 | B96: COMPRESSA NÃO ESTÉRIL – 13 FIOS COMPRESSA 13 FIOS | C96: 260 | D96: Med Mais | E96: 2 | F96: 32 | G96: 0
A97: 1699 | B97: COMPRESSA NÃO ESTÉRIL – 13 FIOS COMPRESSA 13 FIOS | C97: 190 | D97: Ultra Textil | E97: 0 | G97: 50
A98: 1773 | B98: COMPRESSA NÃO ESTÉRIL – 13 FIOS COMPRESSA 13 FIOS | C98: 210 | D98: Ultra Textil | E98: 3 | F98: 40 | G98: 20
A99: 349 | B99: COMPRESSA NÃO ESTÉRIL – 13 FIOS COMPRESSA 13 FIOS | C99: 270 | D99: Ultra Textil | E99: 0 | F99: 32 | G99: 0
A100: 350 | B100: COMPRESSA NÃO ESTÉRIL – 13 FIOS COMPRESSA 13 FIOS | C100: 280 | D100: Ultra Textil | E100: 0 | G100: 0
...
