Workbook

Sheet TAB 3%
A1: TABELA DE PREÇOS
A5: COMPRESSAS DE GAZES – PACOTE
A6: CÓD. | B6: PRODUTO | C6: APRESENTAÇÃO | E6: UND CAIXA | F6: LINHA | G6: MARCA | H6: GRAMAT | I6: PREÇO
A8: 8 | B8: COMPRESSA DE GAZE NÃO ESTERIL | C8: PACOTE 105gr | D8: 9 fios | E8: 72 | F8: COMBATE | G8: Med Mais | H8: 105gr | I8: =(J8*$J$6)+J8 -> 6.99 | J8: 6.99
A9: 310 | B9: COMPRESSA DE GAZE NÃO ESTERIL | C9: PACOTE 130gr | D9: 11 fios | E9: 60 | F9: COMBATE | G9: Med Mais | H9: 130gr | I9: =(J9*$J$6)+J9 -> 9.74 | J9: 9.74
A10: 326 | B10: COMPRESSA DE GAZE NÃO ESTERIL | C10: PACOTE 150gr | D10: 13 fios | E10: 50 | F10: COMBATE | G10: Med Mais | H10: 150gr | I10: =(J10*$J$6)+J10 -> 11.85 | J10: 11.85
A11: 13 | B11: COMPRESSA DE GAZE NÃO ESTERIL | C11: PACOTE 150gr | D11: 9 fios | E11: 50 | F11: INTERMEDIARIA | G11: Med Mais | H11: 150gr | I11: =(J11*$J$6)+J11 -> 10.88 | J11: 10.88
A12: 313 | B12: COMPRESSA DE GAZE NÃO ESTERIL | C12: PACOTE 160gr | D12: 11 fios | E12: 50 | F12: INTERMEDIARIA | G12: Med Mais | H12: 160gr | I12: =(J12*$J$6)+J12 -> 11.98 | J12: 11.98
A13: 329 | B13: COMPRESSA DE GAZE NÃO ESTERIL | C13: PACOTE 180gr | D13: 13 fios | E13: 50 | F13: INTERMEDIARIA | G13: Med Mais | H13: 180gr | I13: =(J13*$J$6)+J13 -> 14.22 | J13: 14.22
A14: 51 | B14: COMPRESSA DE GAZE NÃO ESTERIL | C14: 7,5 X 7,5 - 15x26 (aberta) | D14: 9 fios | E14: 40 | F14: EXTRA | G14: Ultra Têxtil | H14: 500 und | I14: =(J14*$J$6)+J14 -> 14.46 | J14: 14.46
A15: 339 | B15: COMPRESSA DE GAZE NÃO ESTERIL | C15: 7,5 X 7,5 - 15x26 (aberta) | D15: 11 fios | E15: 32 | F15: EXTRA | G15: Ultra Têxtil | H15: 500 und | I15: =(J15*$J$6)+J15 -> 16.58 | J15: 16.58
A16: 349 | B16: COMPRESSA DE GAZE NÃO ESTERIL | C16: 7,5 X 7,5 - 15x26 (aberta) | D16: 13 fios | E16: 32 | F16: EXTRA | G16: Ultra Têxtil | H16: 500 und | I16: =(J16*$J$6)+J16 -> 19.22 | J16: 19.22
A17: 1957 | B17: COMPRESSA DE GAZE NÃO ESTERIL | C17: 7,5 X 7,5 - 15x30 (aberta) | D17: 9 fios | E17: 40 | F17: EXTRA | G17: Medtextil | H17: 500 und | I17: =(J17*$J$6)+J17 -> 27.88 | J17: 27.88
A18: 1958 | B18: COMPRESSA DE GAZE NÃO ESTERIL | C18: 7,5 X 7,5 - 15x30 (aberta) | D18: 11 fios | E18: 32 | F18: EXTRA | G18: Medtextil | H18: 500 und | I18: =(J18*$J$6)+J18 -> 28.67 | J18: 28.67
A19: 1959 | B19: COMPRESSA DE GAZE NÃO ESTERIL | C19: 7,5 X 7,5 - 15x30 (aberta) | D19: 13 fios | E19: 32 | F19: EXTRA | G19: Medtextil | H19: 500 und | I19: =(J19*$J$6)+J19 -> 30.77 | J19: 30.77
A21: COMPRESSAS HIDRÓFILA CIRCULAR – TIPO QUEIJO
A22: 85 | B22: GAZE HIDROFILA CIRCULAR | C22: Tipo Queijo 91 | D22: 9 fios | E22: 36 | F22: COMBATE | G22: Med Mais | H22: 210gr | I22: =(J22*$J$6)+J22 -> 15.44 | J22: 15.44
A23: 263 | B23: GAZE HIDROFILA CIRCULAR | C23: Tipo Queijo 91 | D23: 11 fios | E23: 30 | F23: COMBATE | G23: Med Mais | H23: 250gr | I23: =(J23*$J$6)+J23 -> 18.86 | J23: 18.86
A24: 279 | B24: GAZE HIDROFILA CIRCULAR | C24: Tipo Queijo 91 | D24: 13 fios | E24: 30 | F24: COMBATE | G24: Med Mais | H24: 270gr | I24: =(J24*$J$6)+J24 -> 19.88 | J24: 19.88
A25: 94 | B25: GAZE HIDROFILA CIRCULAR | C25: Tipo Queijo 91 | D25: 9 fios | E25: 30 | F25: INTERMEDIARIA | G25: Med Mais | H25: 300gr | I25: =(J25*$J$6)+J25 -> 22.8 | J25: 22.8
A26: 271 | B26: GAZE HIDROFILA CIRCULAR | C26: Tipo Queijo 91 | D26: 11 fios | E26: 25 | F26: INTERMEDIARIA | G26: Med Mais | H26: 320gr | I26: =(J26*$J$6)+J26 -> 24.86 | J26: 24.86
A27: 286 | B27: GAZE HIDROFILA CIRCULAR | C27: Tipo Queijo 91 | D27: 13 fios | E27: 25 | F27: INTERMEDIARIA | G27: Med Mais | H27: 340gr | I27: =(J27*$J$6)+J27 -> 26.86 | J27: 26.86
A28: 132 | B28: GAZE HIDROFILA CIRCULAR | C28: Tipo Queijo 91 | D28: 9 fios | E28: 20 | F28: EXTRA | G28: Ultra Têxtil | H28: 370gr | I28: =(J28*$J$6)+J28 -> 29.67 | J28: 29.67
A29: 294 | B29: GAZE HIDROFILA CIRCULAR | C29: Tipo Queijo 91 | D29: 11 fios | E29: 20 | F29: EXTRA | G29: Ultra Têxtil | H29: 380gr | I29: =(J29*$J$6)+J29 -> 30.58 | J29: 30.58
A30: 300 | B30: GAZE HIDROFILA CIRCULAR | C30: Tipo Queijo 91 | D30: 13 fios | E30: 20 | F30: EXTRA | G30: Ultra Têxtil | H30: 410gr | I30: =(J30*$J$6)+J30 -> 32.94 | J30: 32.94
A31: 1960 | B31: GAZE HIDROFILA CIRCULAR | C31: Tipo Queijo 91cm x 91m | D31: 9 fios | F31: EXTRA | G31: Medtextil | H31: 1.460gr | I31: =(J31*$J$6)+J31 -> 94.88 | J31: 94.88
A32: 1961 | B32: GAZE HIDROFILA CIRCULAR | C32: Tipo Queijo 91cm x 91m | D32: 11 fios | F32: EXTRA | G32: Medtextil | H32: 1.530gr | I32: =(J32*$J$6)+J32 -> 98.7 | J32: 98.7
A33: 1962 | B33: GAZE HIDROFILA CIRCULAR | C33: Tipo Queijo 91cm x 91m | D33: 13 fios | F33: EXTRA | G33: Medtextil | H33: 1.650gr | I33: =(J33*$J$6)+J33 -> 107.44 | J33: 107.44
A39: COMPRESSA ESTÉRIL
A40: 1 | B40: COMPRESSA ESTÉRIL – 9FIOS | C40: PCT 10 UND | D40: 9 fios | E40: 1000 | F40: COMBATE | G40: Med Mais | I40: =(J40*$J$6)+J40 -> 0.38 | J40: 0.38
A41: 2 | B41: COMPRESSA ESTÉRIL – 11FIOS | C41: PCT 10 UND | D41: 11 fios | E41: 1000 | F41: COMBATE | G41: Med Mais | I41: =(J41*$J$6)+J41 -> 0.4 | J41: 0.4
A42: 3 | B42: COMPRESSA ESTÉRIL – 13FIOS | C42: PCT 10 UND | D42: 13 fios | E42: 1000 | F42: COMBATE | G42: Med Mais | I42: =(J42*$J$6)+J42 -> 0.42 | J42: 0.42
A43: 152 | B43: COMPRESSA ESTÉRIL – 9FIOS | C43: PCT 10 UND | D43: 9 fios | E43: 1000 | F43: INTERMEDIARIA | G43: Ultra Têxtil | I43: =(J43*$J$6)+J43 -> 0.44 | J43: 0.44
A44: 153 | B44: COMPRESSA ESTÉRIL – 11FIOS | C44: PCT 10 UND | D44: 11 fios | E44: 1000 | F44: INTERMEDIARIA | G44: Ultra Têxtil | I44: =(J44*$J$6)+J44 -> 0.47 | J44: 0.47
A45: 154 | B45: COMPRESSA ESTÉRIL – 13FIOS | C45: PCT 10 UND | D45: 13 fios | E45: 1000 | F45: INTERMEDIARIA | G45: Ultra Têxtil | I45: =(J45*$J$6)+J45 -> 0.49 | J45: 0.49
A46: 1641 | B46: COMPRESSA ESTÉRIL – 9FIOS 7,50 X 7,50 | C46: PCT 10 UND | D46: 9 fios | E46: 1000 | F46: EXTRA | G46: MedTextil | I46: =(J46*$J$6)+J46 -> 0.6 | J46: 0.6
A47: 1642 | B47: COMPRESSA ESTÉRIL – 11FIOS 7,50 X 7,50 | C47: PCT 10 UND | D47: 11 fios | E47: 1000 | F47: EXTRA | G47: MedTextil | I47: =(J47*$J$6)+J47 -> 0.62 | J47: 0.62
A48: 1643 | B48: COMPRESSA ESTÉRIL – 13FIOS 7,50 X 7,50 | C48: PCT 10 UND | D48: 13 fios | E48: 1000 | F48: EXTRA | G48: MedTextil | I48: =(J48*$J$6)+J48 -> 0.65 | J48: 0.65
A50: CAMPOS OPERATÓRIOS
A51: 1586 | B51: CAMPO OPERATÓRIO - LEVE | C51: 45X50 PCT C/50 | E51: 12 | F51: Com Radiopaco | G51: Med Mais | H51: 15gr | I51: =(J51*$J$6)+J51 -> 49.5 | J51: 49.5
B52: CAMPO OPERATÓRIO - LEVE | C52: 45X50 PCT C/50 | E52: 12 | F52: Sem Radiopaco | G52: Med Mais | I52: =(J52*$J$6)+J52 -> 48.5 | J52: 48.5
A53: 1588 | B53: CAMPO OPERATÓRIO – Pré encolhido | C53: 25X28 PCT C/5 UND | E53: 150 | F53: Com Radiopaco | G53: Med Mais | H53: Estéril | I53: =(J53*$J$6)+J53 -> 5.18 | J53: 5.18
A54: 1587 | B54: CAMPO OPERATÓRIO – Pré encolhido | C54: 25X28 PCT C/2 UND | E54: 300 | F54: Com Radiopaco | G54: Med Mais | H54: Estéril | I54: =(J54*$J$6)+J54 -> 2.8 | J54: 2.8
A55: 155 | B55: CAMPO OPERATÓRIO - LEVE | C55: 45X50 PCT C/50 | E55: 12 | F55: Com Radiopaco | G55: Ultra Têxtil | H55: 15gr | I55: =(J55*$J$6)+J55 -> 71 | J55: 71
A56: 158 | B56: CAMPO OPERATÓRIO – Pré encolhido | C56: 25X28 PCT C/5 UND | E56: 150 | F56: Com Radiopaco | G56: Ultra Têxtil | H56: Estéril | I56: =(J56*$J$6)+J56 -> 6.98 | J56: 6.98
A57: 1209 | B57: CAMPO OPERATÓRIO - LEVE | C57: 45X50 PCT C/50 | E57: 12 | F57: Com Radiopaco | G57: MedTextil | H57: 15gr | I57: =(J57*$J$6)+J57 -> 86.5 | J57: 86.5
A58: 1640 | B58: CAMPO OPERATÓRIO – Pré encolhido | C58: 25X28 PCT C/5 UND | E58: 150 | F58: Com Radiopaco | G58: MedTextil | H58: Estéril | I58: =(J58*$J$6)+J58 -> 7.96 | J58: 7.96
A59: 1639 | B59: CAMPO OPERATÓRIO – Pré encolhido | C59: 25X28 PCT C/2 UND | E59: 300 | F59: Com Radiopaco | G59: MedTextil | H59: Estéril | I59: =(J59*$J$6)+J59 -> 4.28 | J59: 4.28
A64: ATADURAS - LINHA FARMA
A65: CÓD. | B65: PRODUTO | C65: APRESENTAÇÃO | E65: UND PCT | F65: FARDO DE EMBARQUE | G65: LINHA | H65: MARCA | I65: PREÇO
J66: PREÇO
A67: 163 | B67: ATADURA DE CREPE | C67: 10CM x 1,20M | D67: 13 FIOS | E67: 12 INDIVIDUAL | F67: 110 DUZIAS | G67: COMBATE | H67: Med Mais | I67: =(J67*$J$6)+J67 -> 4.46 | J67: 4.46
A68: 480 | B68: ATADURA DE CREPE | C68: 12CM x 1,20M | D68: 13 FIOS | E68: 12 INDIVIDUAL | F68: 110 DUZIAS | G68: COMBATE | H68: Med Mais | I68: =(J68*$J$6)+J68 -> 5.51 | J68: 5.51
A69: 164 | B69: ATADURA DE CREPE | C69: 15CM x 1,20M | D69: 13 FIOS | E69: 12 INDIVIDUAL | F69: 90 DUZIAS | G69: COMBATE | H69: Med Mais | I69: =(J69*$J$6)+J69 -> 6.32 | J69: 6.32
A70: 165 | B70: ATADURA DE CREPE | C70: 20CM x 1,20M | D70: 13 FIOS | E70: 12 INDIVIDUAL | F70: 70 DUZIAS | G70: COMBATE | H70: Med Mais | I70: =(J70*$J$6)+J70 -> 8.14 | J70: 8.14
A71: 166 | B71: ATADURA DE CREPE | C71: 30CM x 1,20M | D71: 13 FIOS | E71: 12 INDIVIDUAL | F71: 50 DUZIAS | G71: COMBATE | H71: Med Mais | I71: =(J71*$J$6)+J71 -> 12.06 | J71: 12.06
A72: 171 | B72: ATADURA DE CREPE | C72: 10CM x 1,80M | D72: 13 FIOS | E72: 12 INDIVIDUAL | F72: 100 DUZIAS | G72: COMBATE | H72: Med Mais | I72: =(J72*$J$6)+J72 -> 6.05 | J72: 6.05
A73: 478 | B73: ATADURA DE CREPE | C73: 12CM x 1,80M | D73: 13 FIOS | E73: 12 INDIVIDUAL | F73: 90 DUZIAS | G73: COMBATE | H73: Med Mais | I73: =(J73*$J$6)+J73 -> 7.62 | J73: 7.62
A74: 172 | B74: ATADURA DE CREPE | C74: 15CM x 1,80M | D74: 13 FIOS | E74: 12 INDIVIDUAL | F74: 75 DUZIAS | G74: COMBATE | H74: Med Mais | I74: =(J74*$J$6)+J74 -> 8.91 | J74: 8.91
A75: 173 | B75: ATADURA DE CREPE | C75: 20CM x 1,80M | D75: 13 FIOS | E75: 12 INDIVIDUAL | F75: 60 DUZIAS | G75: COMBATE | H75: Med Mais | I75: =(J75*$J$6)+J75 -> 11.57 | J75: 11.57
A76: 174 | B76: ATADURA DE CREPE | C76: 30CM x 1,80M | D76: 13 FIOS | E76: 12 INDIVIDUAL | F76: 40 DUZIAS | G76: COMBATE | H76: Med Mais | I76: =(J76*$J$6)+J76 -> 16.57 | J76: 16.57
A77: 159 | B77: ATADURA DE CREPE | C77: 10CM x 1,20M | D77: 13 FIOS | E77: 12 INDIVIDUAL | F77: 110 DUZIAS | G77: EXTRA | H77: MedTextil | I77: =(J77*$J$6)+J77 -> 5.21 | J77: 5.21
A78: 481 | B78: ATADURA DE CREPE | C78: 12CM x 1,20M | D78: 13 FIOS | E78: 12 INDIVIDUAL | F78: 85 DUZIAS | G78: EXTRA | H78: MedTextil | I78: =(J78*$J$6)+J78 -> 6.44 | J78: 6.44
... A86: 170 | B86: ATADURA DE CREPE | C86: 30CM x 1,80M | D86: 13 FIOS | E86: 12 INDIVIDUAL | F86: 35 DUZIAS | G86: EXTRA | H86: MedTextil | I86: =(J86*$J$6)+J86 -> 19.48 | J86: 19.48
A92: ATADURAS - LINHA HOSPITALAR
A93: CÓD. | B93: PRODUTO | C93: APRESENTAÇÃO | E93: UND PCT | F93: FARDO DE EMBARQUE | G93: LINHA | H93: MARCA | I93: PREÇO
J94: PREÇO
A95: 414 | B95: ATADURA DE CREPE | C95: 10CM x 1,20M | D95: 13 FIOS | E95: 12 CONJUGADA | F95: 110 DUZIAS | G95: COMBATE | H95: Med Mais | I95: =(J95*$J$6)+J95 -> 4.32 | J95: 4.32
A96: 476 | B96: ATADURA DE CREPE | C96: 12CM x 1,20M | D96: 13 FIOS | E96: 12 CONJUGADA | F96: 104 DUZIAS | G96: COMBATE | H96: Med Mais | I96: =(J96*$J$6)+J96 -> 5.34 | J96: 5.34
A97: 419 | B97: ATADURA DE CREPE | C97: 15CM x 1,20M | D97: 13 FIOS | E97: 12 CONJUGADA | F97: 70 DUZIAS | G97: COMBATE | H97: Med Mais | I97: =(J97*$J$6)+J97 -> 6.15 | J97: 6.15
A98: 423 | B98: ATADURA DE CREPE | C98: 20CM x 1,20M | D98: 13 FIOS | E98: 12 CONJUGADA | F98: 52 DUZIAS | G98: COMBATE | H98: Med Mais | I98: =(J98*$J$6)+J98 -> 7.9 | J98: 7.9
A99: 427 | B99: ATADURA DE CREPE | C99: 30CM x 1,20M | D99: 13 FIOS | E99: 12 CONJUGADA | F99: 42 DUZIAS | G99: COMBATE | H99: Med Mais | I99: =(J99*$J$6)+J99 -> 11.7 | J99: 11.7
A100: 417 | B100: ATADURA DE CREPE | C100: 10CM x 1,80M | D100: 13 FIOS | E100: 12 CONJUGADA | F100: 86 DUZIAS | G100: COMBATE | H100: Med Mais | I100: =(J100*$J$6)+J100 -> 5.85 | J100: 5.85
A101: 474 | B101: ATADURA DE CREPE | C101: 12CM x 1,80M | D101: 13 FIOS | E101: 12 CONJUGADA | F101: 70 DUZIAS | G101: COMBATE | H101: Med Mais | I101: =(J101*$J$6)+J101 -> 7.39 | J101: 7.39
A102: 421 | B102: ATADURA DE CREPE | C102: 15CM x 1,80M | D102: 13 FIOS | E102: 12 CONJUGADA | F102: 60 DUZIAS | G102: COMBATE | H102: Med Mais | I102: =(J102*$J$6)+J102 -> 8.65 | J102: 8.65
A103: 425 | B103: ATADURA DE CREPE | C103: 20CM x 1,80M | D103: 13 FIOS | E103: 12 CONJUGADA | F103: 44 DUZIAS | G103: COMBATE | H103: Med Mais | I103: =(J103*$J$6)+J103 -> 11.22 | J103: 11.22
A104: 429 | B104: ATADURA DE CREPE | C104: 30CM x 1,80M | D104: 13 FIOS | E104: 12 CONJUGADA | F104: 28 DUZIAS | G104: COMBATE | H104: Med Mais | I104: =(J104*$J$6)+J104 -> 16.06 | J104: 16.06
A105: 416 | B105: ATADURA DE CREPE | C105: 10CM x 1,20M | D105: 13 FIOS | E105: 12 CONJUGADA | F105: 100 DUZIAS | G105: EXTRA | H105: MedTextil | I105: =(J105*$J$6)+J105 -> 5.05 | J105: 5.05
A106: 477 | B106: ATADURA DE CREPE | C106: 12CM x 1,20M | D106: 13 FIOS | E106: 12 CONJUGADA | F106: 90 DUZIAS | G106: EXTRA | H106: MedTextil | I106: =(J106*$J$6)+J106 -> 6.25 | J106: 6.25
... A114: 430 | B114: ATADURA DE CREPE | C114: 30CM x 1,80M | D114: 13 FIOS | E114: 12 CONJUGADA | F114: 26 DUZIAS | G114: EXTRA | H114: MedTextil | I114: =(J114*$J$6)+J114 -> 18.91 | J114: 18.91
A116: Condições de pagamento: 28/35/42
A117: Frete: CIF | G117: Atualizado em 07/01/2026

Sheet TAB 4%
A1: TABELA DE PREÇOS
A5: COMPRESSAS DE GAZES – PACOTE
A6: CÓD. | B6: PRODUTO | C6: APRESENTAÇÃO | E6: UND CAIXA | F6: LINHA | G6: MARCA | H6: GRAMAT | I6: PREÇO | J6: 0.06
A8: 8 | B8: COMPRESSA DE GAZE NÃO ESTERIL | C8: PACOTE 105gr | D8: 9 fios | E8: 72 | F8: COMBATE | G8: Med Mais | H8: 105gr | I8: =(J8*$J$6)+J8 -> 7.4094 | J8: 6.99
A9: 310 | B9: COMPRESSA DE GAZE NÃO ESTERIL | C9: PACOTE 130gr | D9: 11 fios | E9: 60 | F9: COMBATE | G9: Med Mais | H9: 130gr | I9: =(J9*$J$6)+J9 -> 10.3244 | J9: 9.74
A10: 326 | B10: COMPRESSA DE GAZE NÃO ESTERIL | C10: PACOTE 150gr | D10: 13 fios | E10: 50 | F10: COMBATE | G10: Med Mais | H10: 150gr | I10: =(J10*$J$6)+J10 -> 12.561 | J10: 11.85
A11: 13 | B11: COMPRESSA DE GAZE NÃO ESTERIL | C11: PACOTE 150gr | D11: 9 fios | E11: 50 | F11: INTERMEDIARIA | G11: Med Mais | H11: 150gr | I11: =(J11*$J$6)+J11 -> 11.5328 | J11: 10.88
A12: 313 | B12: COMPRESSA DE GAZE NÃO ESTERIL | C12: PACOTE 160gr | D12: 11 fios | E12: 50 | F12: INTERMEDIARIA | G12: Med Mais | H12: 160gr | I12: =(J12*$J$6)+J12 -> 12.6988 | J12: 11.98
A13: 329 | B13: COMPRESSA DE GAZE NÃO ESTERIL | C13: PACOTE 180gr | D13: 13 fios | E13: 50 | F13: INTERMEDIARIA | G13: Med Mais | H13: 180gr | I13: =(J13*$J$6)+J13 -> 15.0732 | J13: 14.22
A14: 51 | B14: COMPRESSA DE GAZE NÃO ESTERIL | C14: 7,5 X 7,5 - 15x26 (aberta) | D14: 9 fios | E14: 40 | F14: EXTRA | G14: Ultra Têxtil | H14: 500 und | I14: =(J14*$J$6)+J14 -> 15.3276 | J14: 14.46
A15: 339 | B15: COMPRESSA DE GAZE NÃO ESTERIL | C15: 7,5 X 7,5 - 15x26 (aberta) | D15: 11 fios | E15: 32 | F15: EXTRA | G15: Ultra Têxtil | H15: 500 und | I15: =(J15*$J$6)+J15 -> 17.5748 | J15: 16.58
A16: 349 | B16: COMPRESSA DE GAZE NÃO ESTERIL | C16: 7,5 X 7,5 - 15x26 (aberta) | D16: 13 fios | E16: 32 | F16: EXTRA | G16: Ultra Têxtil | H16: 500 und | I16: =(J16*$J$6)+J16 -> 20.3732 | J16: 19.22
A17: 1957 | B17: COMPRESSA DE GAZE NÃO ESTERIL | C17: 7,5 X 7,5 - 15x30 (aberta) | D17: 9 fios | E17: 40 | F17: EXTRA | G17: Medtextil | H17: 500 und | I17: =(J17*$J$6)+J17 -> 29.5528 | J17: 27.88
A18: 1958 | B18: COMPRESSA DE GAZE NÃO ESTERIL | C18: 7,5 X 7,5 - 15x30 (aberta) | D18: 11 fios | E18: 32 | F18: EXTRA | G18: Medtextil | H18: 500 und | I18: =(J18*$J$6)+J18 -> 30.3902 | J18: 28.67
A19: 1959 | B19: COMPRESSA DE GAZE NÃO ESTERIL | C19: 7,5 X 7,5 - 15x30 (aberta) | D19: 13 fios | E19: 32 | F19: EXTRA | G19: Medtextil | H19: 500 und | I19: =(J19*$J$6)+J19 -> 32.6162 | J19: 30.77
A21: COMPRESSAS HIDRÓFILA CIRCULAR – TIPO QUEIJO
A22: 85 | B22: GAZE HIDROFILA CIRCULAR | C22: Tipo Queijo 91 | D22: 9 fios | E22: 36 | F22: COMBATE | G22: Med Mais | H22: 210gr | I22: =(J22*$J$6)+J22 -> 16.3664 | J22: 15.44
A23: 263 | B23: GAZE HIDROFILA CIRCULAR | C23: Tipo Queijo 91 | D23: 11 fios | E23: 30 | F23: COMBATE | G23: Med Mais | H23: 250gr | I23: =(J23*$J$6)+J23 -> 19.9916 | J23: 18.86
A24: 279 | B24: GAZE HIDROFILA CIRCULAR | C24: Tipo Queijo 91 | D24: 13 fios | E24: 30 | F24: COMBATE | G24: Med Mais | H24: 270gr | I24: =(J24*$J$6)+J24 -> 21.0728 | J24: 19.88
A25: 94 | B25: GAZE HIDROFILA CIRCULAR | C25: Tipo Queijo 91 | D25: 9 fios | E25: 30 | F25: INTERMEDIARIA | G25: Med Mais | H25: 300gr | I25: =(J25*$J$6)+J25 -> 24.168 | J25: 22.8
A26: 271 | B26: GAZE HIDROFILA CIRCULAR | C26: Tipo Queijo 91 | D26: 11 fios | E26: 25 | F26: INTERMEDIARIA | G26: Med Mais | H26: 320gr | I26: =(J26*$J$6)+J26 -> 26.3516 | J26: 24.86
A27: 286 | B27: GAZE HIDROFILA CIRCULAR | C27: Tipo Queijo 91 | D27: 13 fios | E27: 25 | F27: INTERMEDIARIA | G27: Med Mais | H27: 340gr | I27: =(J27*$J$6)+J27 -> 28.4716 | J27: 26.86
A28: 132 | B28: GAZE HIDROFILA CIRCULAR | C28: Tipo Queijo 91 | D28: 9 fios | E28: 20 | F28: EXTRA | G28: Ultra Têxtil | H28: 370gr | I28: =(J28*$J$6)+J28 -> 31.4502 | J28: 29.67
A29: 294 | B29: GAZE HIDROFILA CIRCULAR | C29: Tipo Queijo 91 | D29: 11 fios | E29: 20 | F29: EXTRA | G29: Ultra Têxtil | H29: 380gr | I29: =(J29*$J$6)+J29 -> 32.4148 | J29: 30.58
A30: 300 | B30: GAZE HIDROFILA CIRCULAR | C30: Tipo Queijo 91 | D30: 13 fios | E30: 20 | F30: EXTRA | G30: Ultra Têxtil | H30: 410gr | I30: =(J30*$J$6)+J30 -> 34.9164 | J30: 32.94
A31: 1960 | B31: GAZE HIDROFILA CIRCULAR | C31: Tipo Queijo 91cm x 91m | D31: 9 fios | F31: EXTRA | G31: Medtextil | H31: 1.460gr | I31: =(J31*$J$6)+J31 -> 100.5728 | J31: 94.88
A32: 1961 | B32: GAZE HIDROFILA CIRCULAR | C32: Tipo Queijo 91cm x 91m | D32: 11 fios | F32: EXTRA | G32: Medtextil | H32: 1.530gr | I32: =(J32*$J$6)+J32 -> 104.622 | J32: 98.7
A33: 1962 | B33: GAZE HIDROFILA CIRCULAR | C33: Tipo Queijo 91cm x 91m | D33: 13 fios | F33: EXTRA | G33: Medtextil | H33: 1.650gr | I33: =(J33*$J$6)+J33 -> 113.8864 | J33: 107.44
A39: COMPRESSA ESTÉRIL
A40: 1 | B40: COMPRESSA ESTÉRIL – 9FIOS | C40: PCT 10 UND | D40: 9 fios | E40: 1000 | F40: COMBATE | G40: Med Mais | I40: =(J40*$J$6)+J40 -> 0.4028 | J40: 0.38
A41: 2 | B41: COMPRESSA ESTÉRIL – 11FIOS | C41: PCT 10 UND | D41: 11 fios | E41: 1000 | F41: COMBATE | G41: Med Mais | I41: =(J41*$J$6)+J41 -> 0.424 | J41: 0.4
A42: 3 | B42: COMPRESSA ESTÉRIL – 13FIOS | C42: PCT 10 UND | D42: 13 fios | E42: 1000 | F42: COMBATE | G42: Med Mais | I42: =(J42*$J$6)+J42 -> 0.4452 | J42: 0.42
A43: 152 | B43: COMPRESSA ESTÉRIL – 9FIOS | C43: PCT 10 UND | D43: 9 fios | E43: 1000 | F43: INTERMEDIARIA | G43: Ultra Têxtil | I43: =(J43*$J$6)+J43 -> 0.4664 | J43: 0.44
A44: 153 | B44: COMPRESSA ESTÉRIL – 11FIOS | C44: PCT 10 UND | D44: 11 fios | E44: 1000 | F44: INTERMEDIARIA | G44: Ultra Têxtil | I44: =(J44*$J$6)+J44 -> 0.4982 | J44: 0.47
A45: 154 | B45: COMPRESSA ESTÉRIL – 13FIOS | C45: PCT 10 UND | D45: 13 fios | E45: 1000 | F45: INTERMEDIARIA | G45: Ultra Têxtil | I45: =(J45*$J$6)+J45 -> 0.5194 | J45: 0.49
A46: 1641 | B46: COMPRESSA ESTÉRIL – 9FIOS 7,50 X 7,50 | C46: PCT 10 UND | D46: 9 fios | E46: 1000 | F46: EXTRA | G46: MedTextil | I46: =(J46*$J$6)+J46 -> 0.636 | J46: 0.6
A47: 1642 | B47: COMPRESSA ESTÉRIL – 11FIOS 7,50 X 7,50 | C47: PCT 10 UND | D47: 11 fios | E47: 1000 | F47: EXTRA | G47: MedTextil | I47: =(J47*$J$6)+J47 -> 0.6572 | J47: 0.62
A48: 1643 | B48: COMPRESSA ESTÉRIL – 13FIOS 7,50 X 7,50 | C48: PCT 10 UND | D48: 13 fios | E48: 1000 | F48: EXTRA | G48: MedTextil | I48: =(J48*$J$6)+J48 -> 0.689 | J48: 0.65
A50: CAMPOS OPERATÓRIOS
A51: 1586 | B51: CAMPO OPERATÓRIO - LEVE | C51: 45X50 PCT C/50 | F51: Com Radiopaco | G51: Med Mais | H51: 15gr | I51: =(J51*$J$6)+J51 -> 52.47 | J51: 49.5
B52: CAMPO OPERATÓRIO - LEVE | C52: 45X50 PCT C/50 | F52: Sem Radiopaco | G52: Med Mais | I52: =(J52*$J$6)+J52 -> 51.41 | J52: 48.5
A53: 1588 | B53: CAMPO OPERATÓRIO – Pré encolhido | C53: 25X28 PCT C/5 UND | F53: Com Radiopaco | G53: Med Mais | H53: Estéril | I53: =(J53*$J$6)+J53 -> 5.4908 | J53: 5.18
A54: 1587 | B54: CAMPO OPERATÓRIO – Pré encolhido | C54: 25X28 PCT C/2 UND | F54: Com Radiopaco | G54: Med Mais | H54: Estéril | I54: =(J54*$J$6)+J54 -> 2.968 | J54: 2.8
A55: 155 | B55: CAMPO OPERATÓRIO - LEVE | C55: 45X50 PCT C/50 | E55: 12 | F55: Com Radiopaco | G55: Ultra Têxtil | H55: 15gr | I55: =(J55*$J$6)+J55 -> 75.26 | J55: 71
A56: 158 | B56: CAMPO OPERATÓRIO – Pré encolhido | C56: 25X28 PCT C/5 UND | E56: 150 | F56: Com Radiopaco | G56: Ultra Têxtil | H56: Estéril | I56: =(J56*$J$6)+J56 -> 7.3988 | J56: 6.98
A57: 1209 | B57: CAMPO OPERATÓRIO - LEVE | C57: 45X50 PCT C/50 | F57: Com Radiopaco | G57: MedTextil | H57: 15gr | I57: =(J57*$J$6)+J57 -> 91.69 | J57: 86.5
A58: 1640 | B58: CAMPO OPERATÓRIO – Pré encolhido | C58: 25X28 PCT C/5 UND | F58: Com Radiopaco | G58: MedTextil | H58: Estéril | I58: =(J58*$J$6)+J58 -> 8.4376 | J58: 7.96
A59: 1639 | B59: CAMPO OPERATÓRIO – Pré encolhido | C59: 25X28 PCT C/2 UND | F59: Com Radiopaco | G59: MedTextil | H59: Estéril | I59: =(J59*$J$6)+J59 -> 4.5368 | J59: 4.28
A64: ATADURAS - LINHA FARMA
A65: CÓD. | B65: PRODUTO | C65: APRESENTAÇÃO | E65: UND PCT | F65: FARDO DE EMBARQUE | G65: LINHA | H65: MARCA | I65: PREÇO
J66: PREÇO
A67: 163 | B67: ATADURA DE CREPE | C67: 10CM x 1,20M | D67: 13 FIOS | E67: 12 INDIVIDUAL | F67: 110 DUZIAS | G67: COMBATE | H67: Med Mais | I67: =(J67*$J$6)+J67 -> 4.7276 | J67: 4.46
A68: 480 | B68: ATADURA DE CREPE | C68: 12CM x 1,20M | D68: 13 FIOS | E68: 12 INDIVIDUAL | F68: 110 DUZIAS | G68: COMBATE | H68: Med Mais | I68: =(J68*$J$6)+J68 -> 5.8406 | J68: 5.51
A69: 164 | B69: ATADURA DE CREPE | C69: 15CM x 1,20M | D69: 13 FIOS | E69: 12 INDIVIDUAL | F69: 90 DUZIAS | G69: COMBATE | H69: Med Mais | I69: =(J69*$J$6)+J69 -> 6.6992 | J69: 6.32
A70: 165 | B70: ATADURA DE CREPE | C70: 20CM x 1,20M | D70: 13 FIOS | E70: 12 INDIVIDUAL | F70: 70 DUZIAS | G70: COMBATE | H70: Med Mais | I70: =(J70*$J$6)+J70 -> 8.6284 | J70: 8.14
A71: 166 | B71: ATADURA DE CREPE | C71: 30CM x 1,20M | D71: 13 FIOS | E71: 12 INDIVIDUAL | F71: 50 DUZIAS | G71: COMBATE | H71: Med Mais | I71: =(J71*$J$6)+J71 -> 12.7836 | J71: 12.06
A72: 171 | B72: ATADURA DE CREPE | C72: 10CM x 1,80M | D72: 13 FIOS | E72: 12 INDIVIDUAL | F72: 100 DUZIAS | G72: COMBATE | H72: Med Mais | I72: =(J72*$J$6)+J72 -> 6.413 | J72: 6.05
A73: 478 | B73: ATADURA DE CREPE | C73: 12CM x 1,80M | D73: 13 FIOS | E73: 12 INDIVIDUAL | F73: 90 DUZIAS | G73: COMBATE | H73: Med Mais | I73: =(J73*$J$6)+J73 -> 8.0772 | J73: 7.62
A74: 172 | B74: ATADURA DE CREPE | C74: 15CM x 1,80M | D74: 13 FIOS | E74: 12 INDIVIDUAL | F74: 75 DUZIAS | G74: COMBATE | H74: Med Mais | I74: =(J74*$J$6)+J74 -> 9.4446 | J74: 8.91
A75: 173 | B75: ATADURA DE CREPE | C75: 20CM x 1,80M | D75: 13 FIOS | E75: 12 INDIVIDUAL | F75: 60 DUZIAS | G75: COMBATE | H75: Med Mais | I75: =(J75*$J$6)+J75 -> 12.2642 | J75: 11.57
A76: 174 | B76: ATADURA DE CREPE | C76: 30CM x 1,80M | D76: 13 FIOS | E76: 12 INDIVIDUAL | F76: 40 DUZIAS | G76: COMBATE | H76: Med Mais | I76: =(J76*$J$6)+J76 -> 17.5642 | J76: 16.57
A77: 159 | B77: ATADURA DE CREPE | C77: 10CM x 1,20M | D77: 13 FIOS | E77: 12 INDIVIDUAL | F77: 110 DUZIAS | G77: EXTRA | H77: MedTextil | I77: =(J77*$J$6)+J77 -> 5.5226 | J77: 5.21
A78: 481 | B78: ATADURA DE CREPE | C78: 12CM x 1,20M | D78: 13 FIOS | E78: 12 INDIVIDUAL | F78: 85 DUZIAS | G78: EXTRA | H78: MedTextil | I78: =(J78*$J$6)+J78 -> 6.8264 | J78: 6.44
... A86: 170 | B86: ATADURA DE CREPE | C86: 30CM x 1,80M | D86: 13 FIOS | E86: 12 INDIVIDUAL | F86: 35 DUZIAS | G86: EXTRA | H86: MedTextil | I86: =(J86*$J$6)+J86 -> 20.6488 | J86: 19.48
A92: ATADURAS - LINHA HOSPITALAR
A93: CÓD. | B93: PRODUTO | C93: APRESENTAÇÃO | E93: UND PCT | F93: FARDO DE EMBARQUE | G93: LINHA | H93: MARCA | I93: PREÇO
J94: PREÇO
A95: 414 | B95: ATADURA DE CREPE | C95: 10CM x 1,20M | D95: 13 FIOS | E95: 12 CONJUGADA | F95: 110 DUZIAS | G95: COMBATE | H95: Med Mais | I95: =(J95*$J$6)+J95 -> 4.5792 | J95: 4.32
A96: 476 | B96: ATADURA DE CREPE | C96: 12CM x 1,20M | D96: 13 FIOS | E96: 12 CONJUGADA | F96: 104 DUZIAS | G96: COMBATE | H96: Med Mais | I96: =(J96*$J$6)+J96 -> 5.6604 | J96: 5.34
A97: 419 | B97: ATADURA DE CREPE | C97: 15CM x 1,20M | D97: 13 FIOS | E97: 12 CONJUGADA | F97: 70 DUZIAS | G97: COMBATE | H97: Med Mais | I97: =(J97*$J$6)+J97 -> 6.519 | J97: 6.15
A98: 423 | B98: ATADURA DE CREPE | C98: 20CM x 1,20M | D98: 13 FIOS | E98: 12 CONJUGADA | F98: 52 DUZIAS | G98: COMBATE | H98: Med Mais | I98: =(J98*$J$6)+J98 -> 8.374 | J98: 7.9
A99: 427 | B99: ATADURA DE CREPE | C99: 30CM x 1,20M | D99: 13 FIOS | E99: 12 CONJUGADA | F99: 42 DUZIAS | G99: COMBATE | H99: Med Mais | I99: =(J99*$J$6)+J99 -> 12.402 | J99: 11.7
A100: 417 | B100: ATADURA DE CREPE | C100: 10CM x 1,80M | D100: 13 FIOS | E100: 12 CONJUGADA | F100: 86 DUZIAS | G100: COMBATE | H100: Med Mais | I100: =(J100*$J$6)+J100 -> 6.201 | J100: 5.85
A101: 474 | B101: ATADURA DE CREPE | C101: 12CM x 1,80M | D101: 13 FIOS | E101: 12 CONJUGADA | F101: 70 DUZIAS | G101: COMBATE | H101: Med Mais | I101: =(J101*$J$6)+J101 -> 7.8334 | J101: 7.39
A102: 421 | B102: ATADURA DE CREPE | C102: 15CM x 1,80M | D102: 13 FIOS | E102: 12 CONJUGADA | F102: 60 DUZIAS | G102: COMBATE | H102: Med Mais | I102: =(J102*$J$6)+J102 -> 9.169 | J102: 8.65
A103: 425 | B103: ATADURA DE CREPE | C103: 20CM x 1,80M | D103: 13 FIOS | E103: 12 CONJUGADA | F103: 44 DUZIAS | G103: COMBATE | H103: Med Mais | I103: =(J103*$J$6)+J103 -> 11.8932 | J103: 11.22
A104: 429 | B104: ATADURA DE CREPE | C104: 30CM x 1,80M | D104: 13 FIOS | E104: 12 CONJUGADA | F104: 28 DUZIAS | G104: COMBATE | H104: Med Mais | I104: =(J104*$J$6)+J104 -> 17.0236 | J104: 16.06
A105: 416 | B105: ATADURA DE CREPE | C105: 10CM x 1,20M | D105: 13 FIOS | E105: 12 CONJUGADA | F105: 100 DUZIAS | G105: EXTRA | H105: MedTextil | I105: =(J105*$J$6)+J105 -> 5.353 | J105: 5.05
A106: 477 | B106: ATADURA DE CREPE | C106: 12CM x 1,20M | D106: 13 FIOS | E106: 12 CONJUGADA | F106: 90 DUZIAS | G106: EXTRA | H106: MedTextil | I106: =(J106*$J$6)+J106 -> 6.625 | J106: 6.25
... A114: 430 | B114: ATADURA DE CREPE | C114: 30CM x 1,80M | D114: 13 FIOS | E114: 12 CONJUGADA | F114: 26 DUZIAS | G114: EXTRA | H114: MedTextil | I114: =(J114*$J$6)+J114 -> 20.0446 | J114: 18.91
A116: Condições de pagamento: 28/35/42
A117: Frete: CIF | G117: Atualizado em 07/01/2026
A118: Condições de pagamento: 28/35/42
A119: Frete: CIF | G119: Atualizado em 18/08/2025

Sheet Tabela_3%
A3: TABELA DE PREÇOS
A6: COMPRESSAS DE GAZES – PACOTE
A7: CÓD. | B7: PRODUTO | C7: APRESENTAÇÃO | D7: FIOS | E7: UND CAIXA | F7: MARCA | G7: GRAMAT | H7: PREÇO | I7: 0
A9: 8 | B9: COMPRESSA DE GAZE NÃO ESTERIL | C9: 7,5 X 7,5 - 13x24 (aberta) | D9: 9 fios | E9: 72 | F9: Med Mais | G9: 105gr | H9: =(I9*$I$7)+I9 -> 6.99 | I9: 6.99
A10: 310 | B10: COMPRESSA DE GAZE NÃO ESTERIL | C10: 7,5 X 7,5 - 13x24 (aberta) | D10: 11 fios | E10: 60 | F10: Med Mais | G10: 130gr | H10: =(I10*$I$7)+I10 -> 9.74 | I10: 9.74
A11: 326 | B11: COMPRESSA DE GAZE NÃO ESTERIL | C11: 7,5 X 7,5 - 13x24 (aberta) | D11: 13 fios | E11: 50 | F11: Med Mais | G11: 150gr | H11: =(I11*$I$7)+I11 -> 11.85 | I11: 11.85
A12: 13 | B12: COMPRESSA DE GAZE NÃO ESTERIL | C12: 7,5 X 7,5 - 13x24 (aberta) | D12: 9 fios | E12: 50 | F12: Med Mais | G12: 150gr | H12: =(I12*$I$7)+I12 -> 10.88 | I12: 10.88
A13: 313 | B13: COMPRESSA DE GAZE NÃO ESTERIL | C13: 7,5 X 7,5 - 13x24 (aberta) | D13: 11 fios | E13: 50 | F13: Med Mais | G13: 160gr | H13: =(I13*$I$7)+I13 -> 11.98 | I13: 11.98
A14: 329 | B14: COMPRESSA DE GAZE NÃO ESTERIL | C14: 7,5 X 7,5 - 13x24 (aberta) | D14: 13 fios | E14: 50 | F14: Med Mais | G14: 180gr | H14: =(I14*$I$7)+I14 -> 14.22 | I14: 14.22
A16: COMPRESSAS HIDRÓFILA CIRCULAR – TIPO QUEIJO
A17: 85 | B17: GAZE HIDROFILA CIRCULAR | C17: Tipo Queijo 91 | D17: 9 fios | E17: 36 | F17: Med Mais | G17: 210gr | H17: =(I17*$I$7)+I17 -> 15.44 | I17: 15.44
A18: 263 | B18: GAZE HIDROFILA CIRCULAR | C18: Tipo Queijo 91 | D18: 11 fios | E18: 30 | F18: Med Mais | G18: 250gr | H18: =(I18*$I$7)+I18 -> 18.86 | I18: 18.86
A19: 279 | B19: GAZE HIDROFILA CIRCULAR | C19: Tipo Queijo 91 | D19: 13 fios | E19: 30 | F19: Med Mais | G19: 270gr | H19: =(I19*$I$7)+I19 -> 19.88 | I19: 19.88
A20: 94 | B20: GAZE HIDROFILA CIRCULAR | C20: Tipo Queijo 91 | D20: 9 fios | E20: 30 | F20: Med Mais | G20: 300gr | H20: =(I20*$I$7)+I20 -> 22.8 | I20: 22.8
A21: 271 | B21: GAZE HIDROFILA CIRCULAR | C21: Tipo Queijo 91 | D21: 11 fios | E21: 25 | F21: Med Mais | G21: 320gr | H21: =(I21*$I$7)+I21 -> 24.86 | I21: 24.86
A22: 286 | B22: GAZE HIDROFILA CIRCULAR | C22: Tipo Queijo 91 | D22: 13 fios | E22: 25 | F22: Med Mais | G22: 340gr | H22: =(I22*$I$7)+I22 -> 26.86 | I22: 26.86
A24: COMPRESSA ESTÉRIL
A25: 1 | B25: COMPRESSA ESTÉRIL – 9FIOS | C25: 7,5 X 7,5 - 13x24 (aberta) | D25: 9 fios | E25: 1000 | F25: Med Mais | H25: =(I25*$I$7)+I25 -> 0.38 | I25: 0.38
A26: 2 | B26: COMPRESSA ESTÉRIL – 11FIOS | C26: 7,5 X 7,5 - 13x24 (aberta) | D26: 11 fios | E26: 1000 | F26: Med Mais | H26: =(I26*$I$7)+I26 -> 0.4 | I26: 0.4
A27: 3 | B27: COMPRESSA ESTÉRIL – 13FIOS | C27: 7,5 X 7,5 - 13x24 (aberta) | D27: 13 fios | E27: 1000 | F27: Med Mais | H27: =(I27*$I$7)+I27 -> 0.42 | I27: 0.42
A29: CAMPO OPERATÓRIO - NÃO ESTÉRIL | C29: 45X50
A30: 1586 | B30: CAMPO OPERATÓRIO 45X50 (Com Radiopaco) | C30: PCT C/50 | E30: 12 | F30: Med Mais | H30: =(I30*$I$7)+I30 -> 49.5 | I30: 49.5
A31: 1797 | B31: CAMPO OPERATÓRIO 45X50 (Sem Radiopaco) | C31: PCT C/50 | E31: 12 | F31: Med Mais | H31: =(I31*$I$7)+I31 -> 48.5 | I31: 48.5
A33: CAMPO OPERATÓRIO - ESTÉRIL | C33: 25X28
A34: 1588 | B34: CAMPO OPERATÓRIO – Pré encolhido | C34: PCT C/5 UND | E34: 150 | F34: Med Mais | H34: =(I34*$I$7)+I34 -> 5.18 | I34: 5.18
A35: 1587 | B35: CAMPO OPERATÓRIO – Pré encolhido | C35: PCT C/2 UND | E35: 300 | F35: Med Mais | H35: =(I35*$I$7)+I35 -> 2.8 | I35: 2.8
A37: ATADURAS - LINHA FARMA
A38: 1644 | B38: ATADURA DE CREPE | C38: 08CM x 1,20M | D38: 13 FIOS | E38: 115 DUZIAS | F38: Med Mais | H38: =(I38*$I$7)+I38 -> 3.66 | I38: 3.66
A39: 1589 | B39: ATADURA DE CREPE | C39: 10CM x 1,20M | D39: 13 FIOS | E39: 110 DUZIAS | F39: Med Mais | H39: =(I39*$I$7)+I39 -> 3.97 | I39: 3.97
A40: 1590 | B40: ATADURA DE CREPE | C40: 12CM x 1,20M | D40: 13 FIOS | E40: 110 DUZIAS | F40: Med Mais | H40: =(I40*$I$7)+I40 -> 4.91 | I40: 4.91
A41: 1592 | B41: ATADURA DE CREPE | C41: 15CM x 1,20M | D41: 13 FIOS | E41: 90 DUZIAS | F41: Med Mais | H41: =(I41*$I$7)+I41 -> 5.63 | I41: 5.63
A42: 1593 | B42: ATADURA DE CREPE | C42: 20CM x 1,20M | D42: 13 FIOS | E42: 70 DUZIAS | F42: Med Mais | H42: =(I42*$I$7)+I42 -> 7.25 | I42: 7.25
A43: 1594 | B43: ATADURA DE CREPE | C43: 30CM x 1,20M | D43: 13 FIOS | E43: 50 DUZIAS | F43: Med Mais | H43: =(I43*$I$7)+I43 -> 10.74 | I43: 10.74
A44: 1973 | B44: ATADURA DE CREPE | C44: 08CM x 1,80M | D44: 13 FIOS | E44: 105 DUZIAS | F44: Med Mais | H44: =(I44*$I$7)+I44 -> 4.96 | I44: 4.96
A45: 1595 | B45: ATADURA DE CREPE | C45: 10CM x 1,80M | D45: 13 FIOS | E45: 100 DUZIAS | F45: Med Mais | H45: =(I45*$I$7)+I45 -> 5.38 | I45: 5.38
A46: 1596 | B46: ATADURA DE CREPE | C46: 12CM x 1,80M | D46: 13 FIOS | E46: 90 DUZIAS | F46: Med Mais | H46: =(I46*$I$7)+I46 -> 6.78 | I46: 6.78
A47: 1597 | B47: ATADURA DE CREPE | C47: 15CM x 1,80M | D47: 13 FIOS | E47: 75 DUZIAS | F47: Med Mais | H47: =(I47*$I$7)+I47 -> 7.94 | I47: 7.94
A48: 1598 | B48: ATADURA DE CREPE | C48: 20CM x 1,80M | D48: 13 FIOS | E48: 60 DUZIAS | F48: Med Mais | H48: =(I48*$I$7)+I48 -> 10.3 | I48: 10.3
A49: 1599 | B49: ATADURA DE CREPE | C49: 30CM x 1,80M | D49: 13 FIOS | E49: 40 DUZIAS | F49: Med Mais | H49: =(I49*$I$7)+I49 -> 14.74 | I49: 14.74
A51: ATADURAS - LINHA HOSPITALAR
A52: 1616 | B52: ATADURA DE CREPE | C52: 10CM x 1,20M | D52: 13 FIOS | E52: 110 DUZIAS | F52: Med Mais | H52: =(I52*$I$7)+I52 -> 3.85 | I52: 3.85
A53: 1617 | B53: ATADURA DE CREPE | C53: 12CM x 1,20M | D53: 13 FIOS | E53: 104 DUZIAS | F53: Med Mais | H53: =(I53*$I$7)+I53 -> 4.76 | I53: 4.76
A54: 1618 | B54: ATADURA DE CREPE | C54: 15CM x 1,20M | D54: 13 FIOS | E54: 70 DUZIAS | F54: Med Mais | H54: =(I54*$I$7)+I54 -> 5.47 | I54: 5.47
A55: 1619 | B55: ATADURA DE CREPE | C55: 20CM x 1,20M | D55: 13 FIOS | E55: 52 DUZIAS | F55: Med Mais | H55: =(I55*$I$7)+I55 -> 7.03 | I55: 7.03
A56: 1620 | B56: ATADURA DE CREPE | C56: 30CM x 1,20M | D56: 13 FIOS | E56: 42 DUZIAS | F56: Med Mais | H56: =(I56*$I$7)+I56 -> 10.42 | I56: 10.42
A57: 1611 | B57: ATADURA DE CREPE | C57: 10CM x 1,80M | D57: 13 FIOS | E57: 86 DUZIAS | F57: Med Mais | H57: =(I57*$I$7)+I57 -> 5.21 | I57: 5.21
A58: 1612 | B58: ATADURA DE CREPE | C58: 12CM x 1,80M | D58: 13 FIOS | E58: 70 DUZIAS | F58: Med Mais | H58: =(I58*$I$7)+I58 -> 6.58 | I58: 6.58
A59: 1613 | B59: ATADURA DE CREPE | C59: 15CM x 1,80M | D59: 13 FIOS | E59: 60 DUZIAS | F59: Med Mais | H59: =(I59*$I$7)+I59 -> 7.7 | I59: 7.7
A60: 1614 | B60: ATADURA DE CREPE | C60: 20CM x 1,80M | D60: 13 FIOS | E60: 44 DUZIAS | F60: Med Mais | H60: =(I60*$I$7)+I60 -> 9.99 | I60: 9.99
A61: 1615 | B61: ATADURA DE CREPE | C61: 30CM x 1,80M | D61: 13 FIOS | E61: 28 DUZIAS | F61: Med Mais | H61: =(I61*$I$7)+I61 -> 14.3 | I61: 14.3
A65: TABELA DE PREÇOS
A68: COMPRESSAS DE GAZES – PACOTE
A69: CÓD. | B69: PRODUTO | C69: APRESENTAÇÃO | E69: UND CAIXA | F69: MARCA | G69: GRAMAT | H69: PREÇO
A71: 51 | B71: COMPRESSA DE GAZE NÃO ESTERIL | C71: 7,5 X 7,5 - 15x26 (aberta) | D71: 9 fios | E71: 40 | F71: Ultra Têxtil | G71: 500 und | H71: =(I71*$I$7)+I71 -> 14.46 | I71: 14.46
A72: 339 | B72: COMPRESSA DE GAZE NÃO ESTERIL | C72: 7,5 X 7,5 - 15x26 (aberta) | D72: 11 fios | E72: 32 | F72: Ultra Têxtil | G72: 500 und | H72: =(I72*$I$7)+I72 -> 16.58 | I72: 16.58
A73: 349 | B73: COMPRESSA DE GAZE NÃO ESTERIL | C73: 7,5 X 7,5 - 15x26 (aberta) | D73: 13 fios | E73: 32 | F73: Ultra Têxtil | G73: 500 und | H73: =(I73*$I$7)+I73 -> 19.22 | I73: 19.22
A75: COMPRESSAS HIDRÓFILA CIRCULAR – TIPO QUEIJO
A76: 132 | B76: GAZE HIDROFILA CIRCULAR | C76: Tipo Queijo 91 | D76: 9 fios | E76: 20 | F76: Ultra Têxtil | G76: 370gr | H76: =(I76*$I$7)+I76 -> 29.67 | I76: 29.67
A77: 294 | B77: GAZE HIDROFILA CIRCULAR | C77: Tipo Queijo 91 | D77: 11 fios | E77: 20 | F77: Ultra Têxtil | G77: 380gr | H77: =(I77*$I$7)+I77 -> 30.58 | I77: 30.58
A78: 300 | B78: GAZE HIDROFILA CIRCULAR | C78: Tipo Queijo 91 | D78: 13 fios | E78: 20 | F78: Ultra Têxtil | G78: 410gr | H78: =(I78*$I$7)+I78 -> 32.94 | I78: 32.94
A80: COMPRESSA ESTÉRIL
A81: 152 | B81: COMPRESSA ESTÉRIL – 9FIOS | C81: 7,5 X 7,5 - 15x26 (aberta) | D81: 9 fios | E81: 1000 | F81: Ultra Têxtil | H81: =(I81*$I$7)+I81 -> 0.44 | I81: 0.44
A82: 153 | B82: COMPRESSA ESTÉRIL – 11FIOS | C82: 7,5 X 7,5 - 15x26 (aberta) | D82: 11 fios | E82: 1000 | F82: Ultra Têxtil | H82: =(I82*$I$7)+I82 -> 0.47 | I82: 0.47
A83: 154 | B83: COMPRESSA ESTÉRIL – 13FIOS | C83: 7,5 X 7,5 - 15x26 (aberta) | D83: 13 fios | E83: 1000 | F83: Ultra Têxtil | H83: =(I83*$I$7)+I83 -> 0.49 | I83: 0.49
A85: CAMPO OPERATÓRIO - NÃO ESTÉRIL | C85: 45X50
A86: 155 | B86: CAMPO OPERATÓRIO - LEVE (Com Radiopaco) | C86: PCT C/50 | E86: 12 | F86: Ultra Têxtil | G86: 20gr | H86: =(I86*$I$7)+I86 -> 71 | I86: 71
A88: CAMPO OPERATÓRIO - ESTÉRIL | C88: 25X28
A89: 158 | B89: CAMPO OPERATÓRIO – Pré encolhido | C89: PCT C/5 UND | E89: 150 | F89: Ultra Têxtil | G89: 17gr | H89: =(I89*$I$7)+I89 -> 6.98 | I89: 6.98
A127: TABELA DE PREÇOS
A130: COMPRESSAS DE GAZES – PACOTE
A131: CÓD. | B131: PRODUTO | C131: APRESENTAÇÃO | E131: UND CAIXA | F131: MARCA | G131: GRAMAT | H131: PREÇO
A133: 1957 | B133: COMPRESSA DE GAZE NÃO ESTERIL | C133: 7,5 X 7,5 - 15x30 (aberta) | D133: 9 fios | F133: Medtextil | G133: 500 und | H133: =(I133*$I$7)+I133 -> 27.88 | I133: 27.88
A134: 1958 | B134: COMPRESSA DE GAZE NÃO ESTERIL | C134: 7,5 X 7,5 - 15x30 (aberta) | D134: 11 fios | F134: Medtextil | G134: 500 und | H134: =(I134*$I$7)+I134 -> 28.67 | I134: 28.67
A135: 1959 | B135: COMPRESSA DE GAZE NÃO ESTERIL | C135: 7,5 X 7,5 - 15x30 (aberta) | D135: 13 fios | F135: Medtextil | G135: 500 und | H135: =(I135*$I$7)+I135 -> 30.77 | I135: 30.77
A137: COMPRESSAS HIDRÓFILA CIRCULAR – TIPO QUEIJO
A138: 1960 | B138: GAZE HIDROFILA CIRCULAR | C138: Tipo Queijo 91cm x 91m | D138: 9 fios | F138: Medtextil | G138: 1.460gr | H138: =(I138*$I$7)+I138 -> 94.88 | I138: 94.88
A139: 1961 | B139: GAZE HIDROFILA CIRCULAR | C139: Tipo Queijo 91cm x 91m | D139: 11 fios | F139: Medtextil | G139: 1.530gr | H139: =(I139*$I$7)+I139 -> 98.7 | I139: 98.7
A140: 1962 | B140: GAZE HIDROFILA CIRCULAR | C140: Tipo Queijo 91cm x 91m | D140: 13 fios | F140: Medtextil | G140: 1.650gr | H140: =(I140*$I$7)+I140 -> 107.44 | I140: 107.44
A142: COMPRESSA ESTÉRIL
A143: 1641 | B143: COMPRESSA ESTÉRIL – 9FIOS 7,50 X 7,50 | C143: 7,5 X 7,5 - 15x30 (aberta) | D143: 9 fios | F143: MedTextil | H143: =(I143*$I$7)+I143 -> 0.6 | I143: 0.6
A144: 1642 | B144: COMPRESSA ESTÉRIL – 11FIOS 7,50 X 7,50 | C144: 7,5 X 7,5 - 15x30 (aberta) | D144: 11 fios | F144: MedTextil | H144: =(I144*$I$7)+I144 -> 0.62 | I144: 0.62
A145: 1643 | B145: COMPRESSA ESTÉRIL – 13FIOS 7,50 X 7,50 | C145: 7,5 X 7,5 - 15x30 (aberta) | D145: 13 fios | F145: MedTextil | H145: =(I145*$I$7)+I145 -> 0.65 | I145: 0.65
A147: CAMPO OPERATÓRIO - NÃO ESTÉRIL | C147: 45X50
A148: 1209 | B148: CAMPO OPERATÓRIO - LEVE | C148: PCT C/50 | F148: MedTextil | G148: 25gr | H148: =(I148*$I$7)+I148 -> 86.5 | I148: 86.5
A150: CAMPO OPERATÓRIO - ESTÉRIL | C150: 25X28
A151: 1640 | B151: CAMPO OPERATÓRIO – Pré encolhido | C151: PCT C/5 UND | F151: MedTextil | G151: 20gr | H151: =(I151*$I$7)+I151 -> 7.96 | I151: 7.96
A152: 1639 | B152: CAMPO OPERATÓRIO – Pré encolhido | C152: PCT C/2 UND | F152: MedTextil | G152: 20gr | H152: =(I152*$I$7)+I152 -> 4.28 | I152: 4.28
A154: ATADURAS - LINHA FARMA
A155: 1787 | B155: ATADURA DE CREPE | C155: 08CM x 1,20M | D155: 13 FIOS | E155: 115 DUZIAS | F155: MedTextil | H155: =(I155*$I$7)+I155 -> 4.27 | I155: 4.27
A156: 1656 | B156: ATADURA DE CREPE | C156: 10CM x 1,20M | D156: 13 FIOS | E156: 110 DUZIAS | F156: MedTextil | H156: =(I156*$I$7)+I156 -> 4.64 | I156: 4.64
A157: 1657 | B157: ATADURA DE CREPE | C157: 12CM x 1,20M | D157: 13 FIOS | E157: 85 DUZIAS | F157: MedTextil | H157: =(I157*$I$7)+I157 -> 5.74 | I157: 5.74
A158: 1658 | B158: ATADURA DE CREPE | C158: 15CM x 1,20M | D158: 13 FIOS | E158: 80 DUZIAS | F158: MedTextil | H158: =(I158*$I$7)+I158 -> 6.57 | I158: 6.57
A159: 1659 | B159: ATADURA DE CREPE | C159: 20CM x 1,20M | D159: 13 FIOS | E159: 70 DUZIAS | F159: MedTextil | H159: =(I159*$I$7)+I159 -> 8.45 | I159: 8.45
A160: 1660 | B160: ATADURA DE CREPE | C160: 30CM x 1,20M | D160: 13 FIOS | E160: 45 DUZIAS | F160: MedTextil | H160: =(I160*$I$7)+I160 -> 12.58 | I160: 12.58
A161: 1974 | B161: ATADURA DE CREPE | C161: 08CM x 1,80M | D161: 13 FIOS | E161: 95 DUZIAS | F161: MedTextil | H161: =(I161*$I$7)+I161 -> 5.9 | I161: 5.9
A162: 1661 | B162: ATADURA DE CREPE | C162: 10CM x 1,80M | D162: 13 FIOS | E162: 90 DUZIAS | F162: MedTextil | H162: =(I162*$I$7)+I162 -> 6.41 | I162: 6.41
A163: 1662 | B163: ATADURA DE CREPE | C163: 12CM x 1,80M | D163: 13 FIOS | E163: 80 DUZIAS | F163: MedTextil | H163: =(I163*$I$7)+I163 -> 7.92 | I163: 7.92
A164: 1663 | B164: ATADURA DE CREPE | C164: 15CM x 1,80M | D164: 13 FIOS | E164: 70 DUZIAS | F164: MedTextil | H164: =(I164*$I$7)+I164 -> 9.37 | I164: 9.37
A165: 1664 | B165: ATADURA DE CREPE | C165: 20CM x 1,80M | D165: 13 FIOS | E165: 60 DUZIAS | F165: MedTextil | H165: =(I165*$I$7)+I165 -> 12.03 | I165: 12.03
A166: 1665 | B166: ATADURA DE CREPE | C166: 30CM x 1,80M | D166: 13 FIOS | E166: 35 DUZIAS | F166: MedTextil | H166: =(I166*$I$7)+I166 -> 17.34 | I166: 17.34
...

Sheet Tabela_4%
A1: TABELA DE PREÇOS
A6: COMPRESSAS DE GAZES – PACOTE
A7: CÓD. | B7: PRODUTO | C7: APRESENTAÇÃO | E7: UND CAIXA | F7: MARCA | G7: GRAMAT | H7: PREÇO | I7: 0.06
A9: 8 | B9: COMPRESSA DE GAZE NÃO ESTERIL | C9: 7,5 X 7,5 - 13x24 (aberta) | D9: 9 fios | E9: 72 | F9: Med Mais | G9: 105gr | H9: =(I9*$I$7)+I9 -> 7.4094 | I9: ='Tabela_3%'!H9 -> 6.99
A10: 310 | B10: COMPRESSA DE GAZE NÃO ESTERIL | C10: 7,5 X 7,5 - 13x24 (aberta) | D10: 11 fios | E10: 60 | F10: Med Mais | G10: 130gr | H10: =(I10*$I$7)+I10 -> 10.3244 | I10: ='Tabela_3%'!H10 -> 9.74
A11: 326 | B11: COMPRESSA DE GAZE NÃO ESTERIL | C11: 7,5 X 7,5 - 13x24 (aberta) | D11: 13 fios | E11: 50 | F11: Med Mais | G11: 150gr | H11: =(I11*$I$7)+I11 -> 12.561 | I11: ='Tabela_3%'!H11 -> 11.85
A12: 13 | B12: COMPRESSA DE GAZE NÃO ESTERIL | C12: 7,5 X 7,5 - 13x24 (aberta) | D12: 9 fios | E12: 50 | F12: Med Mais | G12: 150gr | H12: =(I12*$I$7)+I12 -> 11.5328 | I12: ='Tabela_3%'!H12 -> 10.88
A13: 313 | B13: COMPRESSA DE GAZE NÃO ESTERIL | C13: 7,5 X 7,5 - 13x24 (aberta) | D13: 11 fios | E13: 50 | F13: Med Mais | G13: 160gr | H13: =(I13*$I$7)+I13 -> 12.6988 | I13: ='Tabela_3%'!H13 -> 11.98
A14: 329 | B14: COMPRESSA DE GAZE NÃO ESTERIL | C14: 7,5 X 7,5 - 13x24 (aberta) | D14: 13 fios | E14: 50 | F14: Med Mais | G14: 180gr | H14: =(I14*$I$7)+I14 -> 15.0732 | I14: ='Tabela_3%'!H14 -> 14.22
I15: ='Tabela_3%'!H15 -> 0
A16: COMPRESSAS HIDRÓFILA CIRCULAR – TIPO QUEIJO | I16: ='Tabela_3%'!H16 -> 0
A17: 85 | B17: GAZE HIDROFILA CIRCULAR | C17: Tipo Queijo 91 | D17: 9 fios | E17: 36 | F17: Med Mais | G17: 210gr | H17: =(I17*$I$7)+I17 -> 16.3664 | I17: ='Tabela_3%'!H17 -> 15.44
A18: 263 | B18: GAZE HIDROFILA CIRCULAR | C18: Tipo Queijo 91 | D18: 11 fios | E18: 30 | F18: Med Mais | G18: 250gr | H18: =(I18*$I$7)+I18 -> 19.9916 | I18: ='Tabela_3%'!H18 -> 18.86
A19: 279 | B19: GAZE HIDROFILA CIRCULAR | C19: Tipo Queijo 91 | D19: 13 fios | E19: 30 | F19: Med Mais | G19: 270gr | H19: =(I19*$I$7)+I19 -> 21.0728 | I19: ='Tabela_3%'!H19 -> 19.88
A20: 94 | B20: GAZE HIDROFILA CIRCULAR | C20: Tipo Queijo 91 | D20: 9 fios | E20: 30 | F20: Med Mais | G20: 300gr | H20: =(I20*$I$7)+I20 -> 24.168 | I20: ='Tabela_3%'!H20 -> 22.8
A21: 271 | B21: GAZE HIDROFILA CIRCULAR | C21: Tipo Queijo 91 | D21: 11 fios | E21: 25 | F21: Med Mais | G21: 320gr | H21: =(I21*$I$7)+I21 -> 26.3516 | I21: ='Tabela_3%'!H21 -> 24.86
A22: 286 | B22: GAZE HIDROFILA CIRCULAR | C22: Tipo Queijo 91 | D22: 13 fios | E22: 25 | F22: Med Mais | G22: 340gr | H22: =(I22*$I$7)+I22 -> 28.4716 | I22: ='Tabela_3%'!H22 -> 26.86
I23: ='Tabela_3%'!H23 -> 0
A24: COMPRESSA ESTÉRIL | I24: ='Tabela_3%'!H24 -> 0
A25: 1 | B25: COMPRESSA ESTÉRIL – 9FIOS | C25: 7,5 X 7,5 - 13x24 (aberta) | D25: 9 fios | E25: 1000 | F25: Med Mais | H25: =(I25*$I$7)+I25 -> 0.4028 | I25: ='Tabela_3%'!H25 -> 0.38
A26: 2 | B26: COMPRESSA ESTÉRIL – 11FIOS | C26: 7,5 X 7,5 - 13x24 (aberta) | D26: 11 fios | E26: 1000 | F26: Med Mais | H26: =(I26*$I$7)+I26 -> 0.424 | I26: ='Tabela_3%'!H26 -> 0.4
A27: 3 | B27: COMPRESSA ESTÉRIL – 13FIOS | C27: 7,5 X 7,5 - 13x24 (aberta) | D27: 13 fios | E27: 1000 | F27: Med Mais | H27: =(I27*$I$7)+I27 -> 0.4452 | I27: ='Tabela_3%'!H27 -> 0.42
I28: ='Tabela_3%'!H28 -> 0
A29: CAMPO OPERATÓRIO - NÃO ESTÉRIL | C29: 45X50 | I29: ='Tabela_3%'!H29 -> 0
A30: 1586 | B30: CAMPO OPERATÓRIO 45X50 (Com Radiopaco) | C30: PCT C/50 | E30: 12 | F30: Med Mais | H30: =(I30*$I$7)+I30 -> 52.47 | I30: ='Tabela_3%'!H30 -> 49.5
A31: 1797 | B31: CAMPO OPERATÓRIO 45X50 (Sem Radiopaco) | C31: PCT C/50 | E31: 12 | F31: Med Mais | H31: =(I31*$I$7)+I31 -> 51.41 | I31: ='Tabela_3%'!H31 -> 48.5
I32: ='Tabela_3%'!H32 -> 0
A33: CAMPO OPERATÓRIO - ESTÉRIL | C33: 25X28 | I33: ='Tabela_3%'!H33 -> 0
A34: 1588 | B34: CAMPO OPERATÓRIO – Pré encolhido | C34: PCT C/5 UND | E34: 150 | F34: Med Mais | H34: =(I34*$I$7)+I34 -> 5.4908 | I34: ='Tabela_3%'!H34 -> 5.18
A35: 1587 | B35: CAMPO OPERATÓRIO – Pré encolhido | C35: PCT C/2 UND | E35: 300 | F35: Med Mais | H35: =(I35*$I$7)+I35 -> 2.968 | I35: ='Tabela_3%'!H35 -> 2.8
I36: ='Tabela_3%'!H36 -> 0
A37: ATADURAS - LINHA FARMA | I37: ='Tabela_3%'!H37 -> 0
A38: 1644 | B38: ATADURA DE CREPE | C38: 08CM x 1,20M | D38: 13 FIOS | E38: 115 DUZIAS | F38: Med Mais | H38: =(I38*$I$7)+I38 -> 3.8796 | I38: ='Tabela_3%'!H38 -> 3.66
A39: 1589 | B39: ATADURA DE CREPE | C39: 10CM x 1,20M | D39: 13 FIOS | E39: 110 DUZIAS | F39: Med Mais | H39: =(I39*$I$7)+I39 -> 4.2082 | I39: ='Tabela_3%'!H39 -> 3.97
A40: 1590 | B40: ATADURA DE CREPE | C40: 12CM x 1,20M | D40: 13 FIOS | E40: 110 DUZIAS | F40: Med Mais | H40: =(I40*$I$7)+I40 -> 5.2046 | I40: ='Tabela_3%'!H40 -> 4.91
A41: 1592 | B41: ATADURA DE CREPE | C41: 15CM x 1,20M | D41: 13 FIOS | E41: 90 DUZIAS | F41: Med Mais | H41: =(I41*$I$7)+I41 -> 5.9678 | I41: ='Tabela_3%'!H41 -> 5.63
A42: 1593 | B42: ATADURA DE CREPE | C42: 20CM x 1,20M | D42: 13 FIOS | E42: 70 DUZIAS | F42: Med Mais | H42: =(I42*$I$7)+I42 -> 7.685 | I42: ='Tabela_3%'!H42 -> 7.25
A43: 1594 | B43: ATADURA DE CREPE | C43: 30CM x 1,20M | D43: 13 FIOS | E43: 50 DUZIAS | F43: Med Mais | H43: =(I43*$I$7)+I43 -> 11.3844 | I43: ='Tabela_3%'!H43 -> 10.74
A44: 1973 | B44: ATADURA DE CREPE | C44: 08CM x 1,80M | D44: 13 FIOS | E44: 105 DUZIAS | F44: Med Mais | H44: =(I44*$I$7)+I44 -> 5.2576 | I44: ='Tabela_3%'!H44 -> 4.96
A45: 1595 | B45: ATADURA DE CREPE | C45: 10CM x 1,80M | D45: 13 FIOS | E45: 100 DUZIAS | F45: Med Mais | H45: =(I45*$I$7)+I45 -> 5.7028 | I45: ='Tabela_3%'!H45 -> 5.38
A46: 1596 | B46: ATADURA DE CREPE | C46: 12CM x 1,80M | D46: 13 FIOS | E46: 90 DUZIAS | F46: Med Mais | H46: =(I46*$I$7)+I46 -> 7.1868 | I46: ='Tabela_3%'!H46 -> 6.78
A47: 1597 | B47: ATADURA DE CREPE | C47: 15CM x 1,80M | D47: 13 FIOS | E47: 75 DUZIAS | F47: Med Mais | H47: =(I47*$I$7)+I47 -> 8.4164 | I47: ='Tabela_3%'!H47 -> 7.94
A48: 1598 | B48: ATADURA DE CREPE | C48: 20CM x 1,80M | D48: 13 FIOS | E48: 60 DUZIAS | F48: Med Mais | H48: =(I48*$I$7)+I48 -> 10.918 | I48: ='Tabela_3%'!H48 -> 10.3
A49: 1599 | B49: ATADURA DE CREPE | C49: 30CM x 1,80M | D49: 13 FIOS | E49: 40 DUZIAS | F49: Med Mais | H49: =(I49*$I$7)+I49 -> 15.6244 | I49: ='Tabela_3%'!H49 -> 14.74
I50: ='Tabela_3%'!H50 -> 0
A51: ATADURAS - LINHA HOSPITALAR | I51: ='Tabela_3%'!H51 -> 0
A52: 1616 | B52: ATADURA DE CREPE | C52: 10CM x 1,20M | D52: 13 FIOS | E52: 110 DUZIAS | F52: Med Mais | H52: =(I52*$I$7)+I52 -> 4.081 | I52: ='Tabela_3%'!H52 -> 3.85
A53: 1617 | B53: ATADURA DE CREPE | C53: 12CM x 1,20M | D53: 13 FIOS | E53: 104 DUZIAS | F53: Med Mais | H53: 5.04 | I53: ='Tabela_3%'!H53 -> 4.76
A54: 1618 | B54: ATADURA DE CREPE | C54: 15CM x 1,20M | D54: 13 FIOS | E54: 70 DUZIAS | F54: Med Mais | H54: =(I54*$I$7)+I54 -> 5.7982 | I54: ='Tabela_3%'!H54 -> 5.47
A55: 1619 | B55: ATADURA DE CREPE | C55: 20CM x 1,20M | D55: 13 FIOS | E55: 52 DUZIAS | F55: Med Mais | H55: =(I55*$I$7)+I55 -> 7.4518 | I55: ='Tabela_3%'!H55 -> 7.03
A56: 1620 | B56: ATADURA DE CREPE | C56: 30CM x 1,20M | D56: 13 FIOS | E56: 42 DUZIAS | F56: Med Mais | H56: 11.04 | I56: ='Tabela_3%'!H56 -> 10.42
A57: 1611 | B57: ATADURA DE CREPE | C57: 10CM x 1,80M | D57: 13 FIOS | E57: 86 DUZIAS | F57: Med Mais | H57: =(I57*$I$7)+I57 -> 5.5226 | I57: ='Tabela_3%'!H57 -> 5.21
A58: 1612 | B58: ATADURA DE CREPE | C58: 12CM x 1,80M | D58: 13 FIOS | E58: 70 DUZIAS | F58: Med Mais | H58: =(I58*$I$7)+I58 -> 6.9748 | I58: ='Tabela_3%'!H58 -> 6.58
A59: 1613 | B59: ATADURA DE CREPE | C59: 15CM x 1,80M | D59: 13 FIOS | E59: 60 DUZIAS | F59: Med Mais | H59: =(I59*$I$7)+I59 -> 8.162 | I59: ='Tabela_3%'!H59 -> 7.7
A60: 1614 | B60: ATADURA DE CREPE | C60: 20CM x 1,80M | D60: 13 FIOS | E60: 44 DUZIAS | F60: Med Mais | H60: =(I60*$I$7)+I60 -> 10.5894 | I60: ='Tabela_3%'!H60 -> 9.99
A61: 1615 | B61: ATADURA DE CREPE | C61: 30CM x 1,80M | D61: 13 FIOS | E61: 28 DUZIAS | F61: Med Mais | H61: =(I61*$I$7)+I61 -> 15.158 | I61: ='Tabela_3%'!H61 -> 14.3
A63: TABELA DE PREÇOS
A68: COMPRESSAS DE GAZES – PACOTE
A69: CÓD. | B69: PRODUTO | C69: APRESENTAÇÃO | E69: UND CAIXA | F69: MARCA | G69: GRAMAT | H69: PREÇO
A71: 51 | B71: COMPRESSA DE GAZE NÃO ESTERIL | C71: 7,5 X 7,5 - 15x26 (aberta) | D71: 9 fios | E71: 40 | F71: Ultra Têxtil | G71: 500 und | H71: =(I71*$I$7)+I71 -> 15.3276 | I71: ='Tabela_3%'!H71 -> 14.46
A72: 339 | B72: COMPRESSA DE GAZE NÃO ESTERIL | C72: 7,5 X 7,5 - 15x26 (aberta) | D72: 11 fios | E72: 32 | F72: Ultra Têxtil | G72: 500 und | H72: =(I72*$I$7)+I72 -> 17.5748 | I72: ='Tabela_3%'!H72 -> 16.58
A73: 349 | B73: COMPRESSA DE GAZE NÃO ESTERIL | C73: 7,5 X 7,5 - 15x26 (aberta) | D73: 13 fios | E73: 32 | F73: Ultra Têxtil | G73: 500 und | H73: =(I73*$I$7)+I73 -> 20.3732 | I73: ='Tabela_3%'!H73 -> 19.22
A75: COMPRESSAS HIDRÓFILA CIRCULAR – TIPO QUEIJO
A76: 132 | B76: GAZE HIDROFILA CIRCULAR | C76: Tipo Queijo 91 | D76: 9 fios | E76: 20 | F76: Ultra Têxtil | G76: 370gr | H76: =(I76*$I$7)+I76 -> 31.4502 | I76: ='Tabela_3%'!H76 -> 29.67
A77: 294 | B77: GAZE HIDROFILA CIRCULAR | C77: Tipo Queijo 91 | D77: 11 fios | E77: 20 | F77: Ultra Têxtil | G77: 380gr | H77: =(I77*$I$7)+I77 -> 32.4148 | I77: ='Tabela_3%'!H77 -> 30.58
A78: 300 | B78: GAZE HIDROFILA CIRCULAR | C78: Tipo Queijo 91 | D78: 13 fios | E78: 20 | F78: Ultra Têxtil | G78: 410gr | H78: =(I78*$I$7)+I78 -> 34.9164 | I78: ='Tabela_3%'!H78 -> 32.94
A80: COMPRESSA ESTÉRIL
A81: 152 | B81: COMPRESSA ESTÉRIL – 9FIOS | C81: 7,5 X 7,5 - 15x26 (aberta) | D81: 9 fios | E81: 1000 | F81: Ultra Têxtil | H81: =(I81*$I$7)+I81 -> 0.4664 | I81: ='Tabela_3%'!H81 -> 0.44
A82: 153 | B82: COMPRESSA ESTÉRIL – 11FIOS | C82: 7,5 X 7,5 - 15x26 (aberta) | D82: 11 fios | E82: 1000 | F82: Ultra Têxtil | H82: =(I82*$I$7)+I82 -> 0.4982 | I82: ='Tabela_3%'!H82 -> 0.47
A83: 154 | B83: COMPRESSA ESTÉRIL – 13FIOS | C83: 7,5 X 7,5 - 15x26 (aberta) | D83: 13 fios | E83: 1000 | F83: Ultra Têxtil | H83: =(I83*$I$7)+I83 -> 0.5194 | I83: ='Tabela_3%'!H83 -> 0.49
A85: CAMPO OPERATÓRIO - NÃO ESTÉRIL | C85: 45X50
A86: 155 | B86: CAMPO OPERATÓRIO - LEVE (Com Radiopaco) | C86: PCT C/50 | E86: 12 | F86: Ultra Têxtil | G86: 20gr | H86: =(I86*$I$7)+I86 -> 75.26 | I86: ='Tabela_3%'!H86 -> 71
A88: CAMPO OPERATÓRIO - ESTÉRIL | C88: 25X28
A89: 158 | B89: CAMPO OPERATÓRIO – Pré encolhido | C89: PCT C/5 UND | E89: 150 | F89: Ultra Têxtil | G89: 17gr | H89: =(I89*$I$7)+I89 -> 7.3988 | I89: ='Tabela_3%'!H89 -> 6.98
A125: TABELA DE PREÇOS
A130: COMPRESSAS DE GAZES – PACOTE
A131: CÓD. | B131: PRODUTO | C131: APRESENTAÇÃO | E131: UND CAIXA | F131: MARCA | G131: GRAMAT | H131: PREÇO
A133: 1957 | B133: COMPRESSA DE GAZE NÃO ESTERIL | C133: 7,5 X 7,5 - 15x30 (aberta) | D133: 9 fios | F133: Medtextil | G133: 500 und | H133: =(I133*$I$7)+I133 -> 29.5528 | I133: ='Tabela_3%'!H133 -> 27.88
A134: 1958 | B134: COMPRESSA DE GAZE NÃO ESTERIL | C134: 7,5 X 7,5 - 15x30 (aberta) | D134: 11 fios | F134: Medtextil | G134: 500 und | H134: =(I134*$I$7)+I134 -> 30.3902 | I134: ='Tabela_3%'!H134 -> 28.67
A135: 1959 | B135: COMPRESSA DE GAZE NÃO ESTERIL | C135: 7,5 X 7,5 - 15x30 (aberta) | D135: 13 fios | F135: Medtextil | G135: 500 und | H135: =(I135*$I$7)+I135 -> 32.6162 | I135: ='Tabela_3%'!H135 -> 30.77
A137: COMPRESSAS HIDRÓFILA CIRCULAR – TIPO QUEIJO
A138: 1960 | B138: GAZE HIDROFILA CIRCULAR | C138: Tipo Queijo 91cm x 91m | D138: 9 fios | F138: Medtextil | G138: 1.460gr | H138: =(I138*$I$7)+I138 -> 100.5728 | I138: ='Tabela_3%'!H138 -> 94.88
A139: 1961 | B139: GAZE HIDROFILA CIRCULAR | C139: Tipo Queijo 91cm x 91m | D139: 11 fios | F139: Medtextil | G139: 1.530gr | H139: =(I139*$I$7)+I139 -> 104.622 | I139: ='Tabela_3%'!H139 -> 98.7
A140: 1962 | B140: GAZE HIDROFILA CIRCULAR | C140: Tipo Queijo 91cm x 91m | D140: 13 fios | F140: Medtextil | G140: 1.650gr | H140: =(I140*$I$7)+I140 -> 113.8864 | I140: ='Tabela_3%'!H140 -> 107.44
A142: COMPRESSA ESTÉRIL
A143: 1641 | B143: COMPRESSA ESTÉRIL – 9FIOS 7,50 X 7,50 | C143: 7,5 X 7,5 - 15x30 (aberta) | D143: 9 fios | F143: MedTextil | H143: =(I143*$I$7)+I143 -> 0.636 | I143: ='Tabela_3%'!H143 -> 0.6
A144: 1642 | B144: COMPRESSA ESTÉRIL – 11FIOS 7,50 X 7,50 | C144: 7,5 X 7,5 - 15x30 (aberta) | D144: 11 fios | F144: MedTextil | H144: =(I144*$I$7)+I144 -> 0.6572 | I144: ='Tabela_3%'!H144 -> 0.62
A145: 1643 | B145: COMPRESSA ESTÉRIL – 13FIOS 7,50 X 7,50 | C145: 7,5 X 7,5 - 15x30 (aberta) | D145: 13 fios | F145: MedTextil | H145: =(I145*$I$7)+I145 -> 0.689 | I145: ='Tabela_3%'!H145 -> 0.65
A147: CAMPO OPERATÓRIO - NÃO ESTÉRIL | C147: 45X50
A148: 1209 | B148: CAMPO OPERATÓRIO - LEVE | C148: PCT C/50 | F148: MedTextil | G148: 25gr | H148: =(I148*$I$7)+I148 -> 91.69 | I148: ='Tabela_3%'!H148 -> 86.5
A150: CAMPO OPERATÓRIO - ESTÉRIL | C150: 25X28
A151: 1640 | B151: CAMPO OPERATÓRIO – Pré encolhido | C151: PCT C/5 UND | F151: MedTextil | G151: 20gr | H151: =(I151*$I$7)+I151 -> 8.4376 | I151: ='Tabela_3%'!H151 -> 7.96
A152: 1639 | B152: CAMPO OPERATÓRIO – Pré encolhido | C152: PCT C/2 UND | F152: MedTextil | G152: 20gr | H152: =(I152*$I$7)+I152 -> 4.5368 | I152: ='Tabela_3%'!H152 -> 4.28
A154: ATADURAS - LINHA FARMA
A155: 1787 | B155: ATADURA DE CREPE | C155: 08CM x 1,20M | D155: 13 FIOS | E155: 115 DUZIAS | F155: MedTextil | H155: =(I155*$I$7)+I155 -> 4.5262 | I155: ='Tabela_3%'!H155 -> 4.27
A156: 1656 | B156: ATADURA DE CREPE | C156: 10CM x 1,20M | D156: 13 FIOS | E156: 110 DUZIAS | F156: MedTextil | H156: =(I156*$I$7)+I156 -> 4.9184 | I156: ='Tabela_3%'!H156 -> 4.64
A157: 1657 | B157: ATADURA DE CREPE | C157: 12CM x 1,20M | D157: 13 FIOS | E157: 85 DUZIAS | F157: MedTextil | H157: =(I157*$I$7)+I157 -> 6.0844 | I157: ='Tabela_3%'!H157 -> 5.74
A158: 1658 | B158: ATADURA DE CREPE | C158: 15CM x 1,20M | D158: 13 FIOS | E158: 80 DUZIAS | F158: MedTextil | H158: =(I158*$I$7)+I158 -> 6.9642 | I158: ='Tabela_3%'!H158 -> 6.57
A159: 1659 | B159: ATADURA DE CREPE | C159: 20CM x 1,20M | D159: 13 FIOS | E159: 70 DUZIAS | F159: MedTextil | H159: =(I159*$I$7)+I159 -> 8.957 | I159: ='Tabela_3%'!H159 -> 8.45
A160: 1660 | B160: ATADURA DE CREPE | C160: 30CM x 1,20M | D160: 13 FIOS | E160: 45 DUZIAS | F160: MedTextil | H160: =(I160*$I$7)+I160 -> 13.3348 | I160: ='Tabela_3%'!H160 -> 12.58
...

Sheet MedMais 3%
A1: TABELA DE PREÇOS - LINHA
A6: COMPRESSAS DE GAZES – PACOTE
A7: CÓD. | B7: PRODUTO | C7: APRESENTAÇÃO | E7: UND CAIXA | F7: MARCA | G7: GRAMAT | H7: PREÇO
A9: 8 | B9: COMPRESSA DE GAZE NÃO ESTERIL | C9: PACOTE 105gr | D9: 9 fios | E9: 72 | F9: Med Mais | G9: 105gr | H9: =(I9*$I$7)+I9 -> 6.99 | I9: 6.99
A10: 310 | B10: COMPRESSA DE GAZE NÃO ESTERIL | C10: PACOTE 130gr | D10: 11 fios | E10: 60 | F10: Med Mais | G10: 130gr | H10: =(I10*$I$7)+I10 -> 9.74 | I10: 9.74
A11: 326 | B11: COMPRESSA DE GAZE NÃO ESTERIL | C11: PACOTE 150gr | D11: 13 fios | E11: 50 | F11: Med Mais | G11: 150gr | H11: =(I11*$I$7)+I11 -> 11.85 | I11: 11.85
A12: 13 | B12: COMPRESSA DE GAZE NÃO ESTERIL | C12: PACOTE 150gr | D12: 9 fios | E12: 50 | F12: Med Mais | G12: 150gr | H12: =(I12*$I$7)+I12 -> 10.88 | I12: 10.88
A13: 313 | B13: COMPRESSA DE GAZE NÃO ESTERIL | C13: PACOTE 160gr | D13: 11 fios | E13: 50 | F13: Med Mais | G13: 160gr | H13: =(I13*$I$7)+I13 -> 11.98 | I13: 11.98
A14: 329 | B14: COMPRESSA DE GAZE NÃO ESTERIL | C14: PACOTE 180gr | D14: 13 fios | E14: 50 | F14: Med Mais | G14: 180gr | H14: =(I14*$I$7)+I14 -> 14.22 | I14: 14.22
A16: COMPRESSAS HIDRÓFILA CIRCULAR – TIPO QUEIJO
A17: 85 | B17: GAZE HIDROFILA CIRCULAR | C17: Tipo Queijo 91 | D17: 9 fios | E17: 36 | F17: Med Mais | G17: 210gr | H17: =(I17*$I$7)+I17 -> 15.44 | I17: 15.44
A18: 263 | B18: GAZE HIDROFILA CIRCULAR | C18: Tipo Queijo 91 | D18: 11 fios | E18: 30 | F18: Med Mais | G18: 250gr | H18: =(I18*$I$7)+I18 -> 18.86 | I18: 18.86
A19: 279 | B19: GAZE HIDROFILA CIRCULAR | C19: Tipo Queijo 91 | D19: 13 fios | E19: 30 | F19: Med Mais | G19: 270gr | H19: =(I19*$I$7)+I19 -> 19.88 | I19: 19.88
A20: 94 | B20: GAZE HIDROFILA CIRCULAR | C20: Tipo Queijo 91 | D20: 9 fios | E20: 30 | F20: Med Mais | G20: 300gr | H20: =(I20*$I$7)+I20 -> 22.8 | I20: 22.8
A21: 271 | B21: GAZE HIDROFILA CIRCULAR | C21: Tipo Queijo 91 | D21: 11 fios | E21: 25 | F21: Med Mais | G21: 320gr | H21: =(I21*$I$7)+I21 -> 24.86 | I21: 24.86
A22: 286 | B22: GAZE HIDROFILA CIRCULAR | C22: Tipo Queijo 91 | D22: 13 fios | E22: 25 | F22: Med Mais | G22: 340gr | H22: =(I22*$I$7)+I22 -> 26.86 | I22: 26.86
A24: COMPRESSA ESTÉRIL
A25: 1 | B25: COMPRESSA ESTÉRIL – 9FIOS | C25: PCT 10 UND | D25: 9 fios | E25: 1000 | F25: Med Mais | H25: =(I25*$I$7)+I25 -> 0.38 | I25: 0.38
A26: 2 | B26: COMPRESSA ESTÉRIL – 11FIOS | C26: PCT 10 UND | D26: 11 fios | E26: 1000 | F26: Med Mais | H26: =(I26*$I$7)+I26 -> 0.4 | I26: 0.4
A27: 3 | B27: COMPRESSA ESTÉRIL – 13FIOS | C27: PCT 10 UND | D27: 13 fios | E27: 1000 | F27: Med Mais | H27: =(I27*$I$7)+I27 -> 0.42 | I27: 0.42
A29: CAMPOS OPERATÓRIOS
A30: 1586 | B30: CAMPO OPERATÓRIO - LEVE (Com Radiopaco | C30: 45X50 PCT C/50 | E30: 12 | F30: Med Mais | H30: =(I30*$I$7)+I30 -> 49.5 | I30: 49.5
A31: 1797 | B31: CAMPO OPERATÓRIO - LEVE (Sem Radiopaco) | C31: 45X50 PCT C/50 | E31: 12 | F31: Med Mais | H31: =(I31*$I$7)+I31 -> 48.5 | I31: 48.5
A32: 1588 | B32: CAMPO OPERATÓRIO – Pré encolhido | C32: 25X28 PCT C/5 UND | E32: 150 | F32: Med Mais | H32: =(I32*$I$7)+I32 -> 5.18 | I32: 5.18
A33: 1587 | B33: CAMPO OPERATÓRIO – Pré encolhido | C33: 25X28 PCT C/2 UND | E33: 300 | F33: Med Mais | H33: =(I33*$I$7)+I33 -> 2.8 | I33: 2.8
A35: ATADURAS - LINHA FARMA
A36: 163 | B36: ATADURA DE CREPE | C36: 10CM x 1,20M | D36: 13 FIOS | E36: 110 DUZIAS | F36: Med Mais | H36: =(I36*$I$7)+I36 -> 4.46 | I36: 4.46
A37: 480 | B37: ATADURA DE CREPE | C37: 12CM x 1,20M | D37: 13 FIOS | E37: 110 DUZIAS | F37: Med Mais | H37: =(I37*$I$7)+I37 -> 5.51 | I37: 5.51
A38: 164 | B38: ATADURA DE CREPE | C38: 15CM x 1,20M | D38: 13 FIOS | E38: 90 DUZIAS | F38: Med Mais | H38: =(I38*$I$7)+I38 -> 6.32 | I38: 6.32
A39: 165 | B39: ATADURA DE CREPE | C39: 20CM x 1,20M | D39: 13 FIOS | E39: 70 DUZIAS | F39: Med Mais | H39: =(I39*$I$7)+I39 -> 8.14 | I39: 8.14
A40: 166 | B40: ATADURA DE CREPE | C40: 30CM x 1,20M | D40: 13 FIOS | E40: 50 DUZIAS | F40: Med Mais | H40: =(I40*$I$7)+I40 -> 12.06 | I40: 12.06
A41: 171 | B41: ATADURA DE CREPE | C41: 10CM x 1,80M | D41: 13 FIOS | E41: 100 DUZIAS | F41: Med Mais | H41: =(I41*$I$7)+I41 -> 6.05 | I41: 6.05
A42: 478 | B42: ATADURA DE CREPE | C42: 12CM x 1,80M | D42: 13 FIOS | E42: 90 DUZIAS | F42: Med Mais | H42: =(I42*$I$7)+I42 -> 7.62 | I42: 7.62
A43: 172 | B43: ATADURA DE CREPE | C43: 15CM x 1,80M | D43: 13 FIOS | E43: 75 DUZIAS | F43: Med Mais | H43: =(I43*$I$7)+I43 -> 8.91 | I43: 8.91
A44: 173 | B44: ATADURA DE CREPE | C44: 20CM x 1,80M | D44: 13 FIOS | E44: 60 DUZIAS | F44: Med Mais | H44: =(I44*$I$7)+I44 -> 11.57 | I44: 11.57
A45: 174 | B45: ATADURA DE CREPE | C45: 30CM x 1,80M | D45: 13 FIOS | E45: 40 DUZIAS | F45: Med Mais | H45: =(I45*$I$7)+I45 -> 16.57 | I45: 16.57
A47: ATADURAS - LINHA HOSPITALAR
A48: 414 | B48: ATADURA DE CREPE | C48: 10CM x 1,20M | D48: 13 FIOS | E48: 110 DUZIAS | F48: Med Mais | H48: =(I48*$I$7)+I48 -> 4.32 | I48: 4.32
A49: 476 | B49: ATADURA DE CREPE | C49: 12CM x 1,20M | D49: 13 FIOS | E49: 104 DUZIAS | F49: Med Mais | H49: =(I49*$I$7)+I49 -> 5.34 | I49: 5.34
A50: 419 | B50: ATADURA DE CREPE | C50: 15CM x 1,20M | D50: 13 FIOS | E50: 70 DUZIAS | F50: Med Mais | H50: =(I50*$I$7)+I50 -> 6.15 | I50: 6.15
A51: 423 | B51: ATADURA DE CREPE | C51: 20CM x 1,20M | D51: 13 FIOS | E51: 52 DUZIAS | F51: Med Mais | H51: =(I51*$I$7)+I51 -> 7.9 | I51: 7.9
A52: 427 | B52: ATADURA DE CREPE | C52: 30CM x 1,20M | D52: 13 FIOS | E52: 42 DUZIAS | F52: Med Mais | H52: =(I52*$I$7)+I52 -> 11.7 | I52: 11.7
A53: 417 | B53: ATADURA DE CREPE | C53: 10CM x 1,80M | D53: 13 FIOS | E53: 86 DUZIAS | F53: Med Mais | H53: =(I53*$I$7)+I53 -> 5.85 | I53: 5.85
A54: 474 | B54: ATADURA DE CREPE | C54: 12CM x 1,80M | D54: 13 FIOS | E54: 70 DUZIAS | F54: Med Mais | H54: =(I54*$I$7)+I54 -> 7.39 | I54: 7.39
A55: 421 | B55: ATADURA DE CREPE | C55: 15CM x 1,80M | D55: 13 FIOS | E55: 60 DUZIAS | F55: Med Mais | H55: =(I55*$I$7)+I55 -> 8.65 | I55: 8.65
A56: 425 | B56: ATADURA DE CREPE | C56: 20CM x 1,80M | D56: 13 FIOS | E56: 44 DUZIAS | F56: Med Mais | H56: =(I56*$I$7)+I56 -> 11.22 | I56: 11.22
A57: 429 | B57: ATADURA DE CREPE | C57: 30CM x 1,80M | D57: 13 FIOS | E57: 28 DUZIAS | F57: Med Mais | H57: =(I57*$I$7)+I57 -> 16.06 | I57: 16.06
A66: TABELA DE PREÇOS - LINHA
A71: COMPRESSAS DE GAZES – PACOTE
A72: CÓD. | B72: PRODUTO | C72: APRESENTAÇÃO | E72: UND CAIXA | F72: MARCA | G72: GRAMAT | H72: PREÇO
A74: 51 | B74: COMPRESSA DE GAZE NÃO ESTERIL | C74: 7,5 X 7,5 - 15x26 (aberta) | D74: 9 fios | E74: 40 | F74: Ultra Têxtil | G74: 500 und | H74: =(I74*$I$7)+I74 -> 14.46 | I74: 14.46
A75: 339 | B75: COMPRESSA DE GAZE NÃO ESTERIL | C75: 7,5 X 7,5 - 15x26 (aberta) | D75: 11 fios | E75: 32 | F75: Ultra Têxtil | G75: 500 und | H75: =(I75*$I$7)+I75 -> 16.58 | I75: 16.58
A76: 349 | B76: COMPRESSA DE GAZE NÃO ESTERIL | C76: 7,5 X 7,5 - 15x26 (aberta) | D76: 13 fios | E76: 32 | F76: Ultra Têxtil | G76: 500 und | H76: =(I76*$I$7)+I76 -> 19.22 | I76: 19.22
A78: COMPRESSAS HIDRÓFILA CIRCULAR – TIPO QUEIJO
A79: 132 | B79: GAZE HIDROFILA CIRCULAR | C79: Tipo Queijo 91 | D79: 9 fios | E79: 20 | F79: Ultra Têxtil | G79: 370gr | H79: =(I79*$I$7)+I79 -> 29.67 | I79: 29.67
A80: 294 | B80: GAZE HIDROFILA CIRCULAR | C80: Tipo Queijo 91 | D80: 11 fios | E80: 20 | F80: Ultra Têxtil | G80: 380gr | H80: =(I80*$I$7)+I80 -> 30.58 | I80: 30.58
A81: 300 | B81: GAZE HIDROFILA CIRCULAR | C81: Tipo Queijo 91 | D81: 13 fios | E81: 20 | F81: Ultra Têxtil | G81: 410gr | H81: =(I81*$I$7)+I81 -> 32.94 | I81: 32.94
A83: COMPRESSA ESTÉRIL
A84: 152 | B84: COMPRESSA ESTÉRIL – 9FIOS | C84: PCT 10 UND | D84: 9 fios | E84: 1000 | F84: Ultra Têxtil | H84: =(I84*$I$7)+I84 -> 0.44 | I84: 0.44
A85: 153 | B85: COMPRESSA ESTÉRIL – 11FIOS | C85: PCT 10 UND | D85: 11 fios | E85: 1000 | F85: Ultra Têxtil | H85: =(I85*$I$7)+I85 -> 0.47 | I85: 0.47
A86: 154 | B86: COMPRESSA ESTÉRIL – 13FIOS | C86: PCT 10 UND | D86: 13 fios | E86: 1000 | F86: Ultra Têxtil | H86: =(I86*$I$7)+I86 -> 0.49 | I86: 0.49
A88: CAMPOS OPERATÓRIOS
A89: 155 | B89: CAMPO OPERATÓRIO - LEVE (Com Radiopaco) | C89: 45X50 PCT C/50 | E89: 12 | F89: Ultra Têxtil | G89: 20gr | H89: =(I89*$I$7)+I89 -> 71 | I89: 71
A90: 158 | B90: CAMPO OPERATÓRIO – Pré encolhido | C90: 25X28 PCT C/5 UND | E90: 150 | F90: Ultra Têxtil | G90: Estéril | H90: =(I90*$I$7)+I90 -> 6.98 | I90: 6.98
A135: TABELA DE PREÇOS - LINHA
A140: COMPRESSAS DE GAZES – PACOTE
A141: CÓD. | B141: PRODUTO | C141: APRESENTAÇÃO | E141: UND CAIXA | F141: MARCA | G141: GRAMAT | H141: PREÇO
A143: 1957 | B143: COMPRESSA DE GAZE NÃO ESTERIL | C143: 7,5 X 7,5 - 15x30 (aberta) | D143: 9 fios | F143: Medtextil | G143: 500 und | H143: =(I143*$I$7)+I143 -> 27.88 | I143: 27.88
A144: 1958 | B144: COMPRESSA DE GAZE NÃO ESTERIL | C144: 7,5 X 7,5 - 15x30 (aberta) | D144: 11 fios | F144: Medtextil | G144: 500 und | H144: =(I144*$I$7)+I144 -> 28.67 | I144: 28.67
A145: 1959 | B145: COMPRESSA DE GAZE NÃO ESTERIL | C145: 7,5 X 7,5 - 15x30 (aberta) | D145: 13 fios | F145: Medtextil | G145: 500 und | H145: =(I145*$I$7)+I145 -> 30.77 | I145: 30.77
A147: COMPRESSAS HIDRÓFILA CIRCULAR – TIPO QUEIJO
A148: 1960 | B148: GAZE HIDROFILA CIRCULAR | C148: Tipo Queijo 91cm x 91m | D148: 9 fios | F148: Medtextil | G148: 1.460gr | H148: =(I148*$I$7)+I148 -> 94.88 | I148: 94.88
A149: 1961 | B149: GAZE HIDROFILA CIRCULAR | C149: Tipo Queijo 91cm x 91m | D149: 11 fios | F149: Medtextil | G149: 1.530gr | H149: =(I149*$I$7)+I149 -> 98.7 | I149: 98.7
A150: 1962 | B150: GAZE HIDROFILA CIRCULAR | C150: Tipo Queijo 91cm x 91m | D150: 13 fios | F150: Medtextil | G150: 1.650gr | H150: =(I150*$I$7)+I150 -> 107.44 | I150: 107.44
A152: COMPRESSA ESTÉRIL
A153: 1641 | B153: COMPRESSA ESTÉRIL – 9FIOS 7,50 X 7,50 | C153: PCT 10 UND | D153: 9 fios | F153: MedTextil | H153: =(I153*$I$7)+I153 -> 0.6 | I153: 0.6
A154: 1642 | B154: COMPRESSA ESTÉRIL – 11FIOS 7,50 X 7,50 | C154: PCT 10 UND | D154: 11 fios | F154: MedTextil | H154: =(I154*$I$7)+I154 -> 0.62 | I154: 0.62
A155: 1643 | B155: COMPRESSA ESTÉRIL – 13FIOS 7,50 X 7,50 | C155: PCT 10 UND | D155: 13 fios | F155: MedTextil | H155: =(I155*$I$7)+I155 -> 0.65 | I155: 0.65
A157: CAMPOS OPERATÓRIOS
A158: 1209 | B158: CAMPO OPERATÓRIO - LEVE | C158: 45X50 PCT C/50 | F158: MedTextil | G158: 25gr | H158: =(I158*$I$7)+I158 -> 86.5 | I158: 86.5
A159: 1640 | B159: CAMPO OPERATÓRIO – Pré encolhido | C159: 25X28 PCT C/5 UND | F159: MedTextil | G159: 20gr | H159: =(I159*$I$7)+I159 -> 7.96 | I159: 7.96
A160: 1639 | B160: CAMPO OPERATÓRIO – Pré encolhido | C160: 25X28 PCT C/2 UND | F160: MedTextil | G160: 20gr | H160: =(I160*$I$7)+I160 -> 4.28 | I160: 4.28
A162: ATADURAS - LINHA FARMA
A163: 159 | B163: ATADURA DE CREPE | C163: 10CM x 1,20M | D163: 13 FIOS | E163: 110 DUZIAS | F163: MedTextil | H163: =(I163*$I$7)+I163 -> 5.21 | I163: 5.21
A164: 481 | B164: ATADURA DE CREPE | C164: 12CM x 1,20M | D164: 13 FIOS | E164: 85 DUZIAS | F164: MedTextil | H164: =(I164*$I$7)+I164 -> 6.44 | I164: 6.44
A165: 160 | B165: ATADURA DE CREPE | C165: 15CM x 1,20M | D165: 13 FIOS | E165: 80 DUZIAS | F165: MedTextil | H165: =(I165*$I$7)+I165 -> 7.38 | I165: 7.38
A166: 161 | B166: ATADURA DE CREPE | C166: 20CM x 1,20M | D166: 13 FIOS | E166: 70 DUZIAS | F166: MedTextil | H166: =(I166*$I$7)+I166 -> 9.49 | I166: 9.49
A167: 162 | B167: ATADURA DE CREPE | C167: 30CM x 1,20M | D167: 13 FIOS | E167: 45 DUZIAS | F167: MedTextil | H167: =(I167*$I$7)+I167 -> 14.13 | I167: 14.13
A168: 167 | B168: ATADURA DE CREPE | C168: 10CM x 1,80M | D168: 13 FIOS | E168: 90 DUZIAS | F168: MedTextil | H168: =(I168*$I$7)+I168 -> 7.19 | I168: 7.19
A169: 479 | B169: ATADURA DE CREPE | C169: 12CM x 1,80M | D169: 13 FIOS | E169: 80 DUZIAS | F169: MedTextil | H169: =(I169*$I$7)+I169 -> 8.9 | I169: 8.9
A170: 168 | B170: ATADURA DE CREPE | C170: 15CM x 1,80M | D170: 13 FIOS | E170: 70 DUZIAS | F170: MedTextil | H170: =(I170*$I$7)+I170 -> 10.52 | I170: 10.52
A171: 169 | B171: ATADURA DE CREPE | C171: 20CM x 1,80M | D171: 13 FIOS | E171: 60 DUZIAS | F171: MedTextil | H171: =(I171*$I$7)+I171 -> 13.51 | I171: 13.51
A172: 170 | B172: ATADURA DE CREPE | C172: 30CM x 1,80M | D172: 13 FIOS | E172: 35 DUZIAS | F172: MedTextil | H172: =(I172*$I$7)+I172 -> 19.48 | I172: 19.48
A174: ATADURAS - LINHA HOSPITALAR
A175: 416 | B175: ATADURA DE CREPE | C175: 10CM x 1,20M | D175: 13 FIOS | E175: 100 DUZIAS | F175: MedTextil | H175: =(I175*$I$7)+I175 -> 5.05 | I175: 5.05
A176: 477 | B176: ATADURA DE CREPE | C176: 12CM x 1,20M | D176: 13 FIOS | E176: 90 DUZIAS | F176: MedTextil | H176: =(I176*$I$7)+I176 -> 6.25 | I176: 6.25
A177: 420 | B177: ATADURA DE CREPE | C177: 15CM x 1,20M | D177: 13 FIOS | E177: 66 DUZIAS | F177: MedTextil | H177: =(I177*$I$7)+I177 -> 7.1 | I177: 7.1
A178: 424 | B178: ATADURA DE CREPE | C178: 20CM x 1,20M | D178: 13 FIOS | E178: 48 DUZIAS | F178: MedTextil | H178: =(I178*$I$7)+I178 -> 9.2 | I178: 9.2
A179: 428 | B179: ATADURA DE CREPE | C179: 30CM x 1,20M | D179: 13 FIOS | E179: 32 DUZIAS | F179: MedTextil | H179: =(I179*$I$7)+I179 -> 13.72 | I179: 13.72
A180: 418 | B180: ATADURA DE CREPE | C180: 10CM x 1,80M | D180: 13 FIOS | E180: 76 DUZIAS | F180: MedTextil | H180: =(I180*$I$7)+I180 -> 7 | I180: 7
...

Sheet MedMais 4%
A1: TABELA DE PREÇOS - LINHA
A6: COMPRESSAS DE GAZES – PACOTE
A7: CÓD. | B7: PRODUTO | C7: APRESENTAÇÃO | E7: UND CAIXA | F7: MARCA | G7: GRAMAT | H7: PREÇO | I7: 0.06
A9: 8 | B9: COMPRESSA DE GAZE NÃO ESTERIL | C9: PACOTE 105gr | D9: 9 fios | E9: 72 | F9: Med Mais | G9: 105gr | H9: =(I9*$I$7)+I9 -> 7.4094 | I9: 6.99
A10: 310 | B10: COMPRESSA DE GAZE NÃO ESTERIL | C10: PACOTE 130gr | D10: 11 fios | E10: 60 | F10: Med Mais | G10: 130gr | H10: =(I10*$I$7)+I10 -> 10.3244 | I10: 9.74
A11: 326 | B11: COMPRESSA DE GAZE NÃO ESTERIL | C11: PACOTE 150gr | D11: 13 fios | E11: 50 | F11: Med Mais | G11: 150gr | H11: =(I11*$I$7)+I11 -> 12.561 | I11: 11.85
A12: 13 | B12: COMPRESSA DE GAZE NÃO ESTERIL | C12: PACOTE 150gr | D12: 9 fios | E12: 50 | F12: Med Mais | G12: 150gr | H12: =(I12*$I$7)+I12 -> 11.5328 | I12: 10.88
A13: 313 | B13: COMPRESSA DE GAZE NÃO ESTERIL | C13: PACOTE 160gr | D13: 11 fios | E13: 50 | F13: Med Mais | G13: 160gr | H13: =(I13*$I$7)+I13 -> 12.6988 | I13: 11.98
A14: 329 | B14: COMPRESSA DE GAZE NÃO ESTERIL | C14: PACOTE 180gr | D14: 13 fios | E14: 50 | F14: Med Mais | G14: 180gr | H14: =(I14*$I$7)+I14 -> 15.0732 | I14: 14.22
A16: COMPRESSAS HIDRÓFILA CIRCULAR – TIPO QUEIJO
A17: 85 | B17: GAZE HIDROFILA CIRCULAR | C17: Tipo Queijo 91 | D17: 9 fios | E17: 36 | F17: Med Mais | G17: 210gr | H17: =(I17*$I$7)+I17 -> 16.3664 | I17: 15.44
A18: 263 | B18: GAZE HIDROFILA CIRCULAR | C18: Tipo Queijo 91 | D18: 11 fios | E18: 30 | F18: Med Mais | G18: 250gr | H18: =(I18*$I$7)+I18 -> 19.9916 | I18: 18.86
A19: 279 | B19: GAZE HIDROFILA CIRCULAR | C19: Tipo Queijo 91 | D19: 13 fios | E19: 30 | F19: Med Mais | G19: 270gr | H19: =(I19*$I$7)+I19 -> 21.0728 | I19: 19.88
A20: 94 | B20: GAZE HIDROFILA CIRCULAR | C20: Tipo Queijo 91 | D20: 9 fios | E20: 30 | F20: Med Mais | G20: 300gr | H20: =(I20*$I$7)+I20 -> 24.168 | I20: 22.8
A21: 271 | B21: GAZE HIDROFILA CIRCULAR | C21: Tipo Queijo 91 | D21: 11 fios | E21: 25 | F21: Med Mais | G21: 320gr | H21: =(I21*$I$7)+I21 -> 26.3516 | I21: 24.86
A22: 286 | B22: GAZE HIDROFILA CIRCULAR | C22: Tipo Queijo 91 | D22: 13 fios | E22: 25 | F22: Med Mais | G22: 340gr | H22: =(I22*$I$7)+I22 -> 28.4716 | I22: 26.86
A24: COMPRESSA ESTÉRIL
A25: 1 | B25: COMPRESSA ESTÉRIL – 9FIOS | C25: PCT 10 UND | D25: 9 fios | E25: 1000 | F25: Med Mais | H25: =(I25*$I$7)+I25 -> 0.4028 | I25: 0.38
A26: 2 | B26: COMPRESSA ESTÉRIL – 11FIOS | C26: PCT 10 UND | D26: 11 fios | E26: 1000 | F26: Med Mais | H26: =(I26*$I$7)+I26 -> 0.424 | I26: 0.4
A27: 3 | B27: COMPRESSA ESTÉRIL – 13FIOS | C27: PCT 10 UND | D27: 13 fios | E27: 1000 | F27: Med Mais | H27: =(I27*$I$7)+I27 -> 0.4452 | I27: 0.42
A29: CAMPOS OPERATÓRIOS
A30: 1586 | B30: CAMPO OPERATÓRIO - LEVE (Com Radiopaco) | C30: 45X50 PCT C/50 | E30: 12 | F30: Med Mais | G30: 15gr | H30: =(I30*$I$7)+I30 -> 52.47 | I30: 49.5
A31: 1797 | B31: CAMPO OPERATÓRIO - LEVE (Sem Radiopaco) | C31: 45X50 PCT C/50 | E31: 12 | F31: Med Mais | H31: =(I31*$I$7)+I31 -> 51.41 | I31: 48.5
A32: 1588 | B32: CAMPO OPERATÓRIO – Pré encolhido | C32: 25X28 PCT C/5 UND | E32: 150 | F32: Med Mais | H32: =(I32*$I$7)+I32 -> 5.4908 | I32: 5.18
A33: 1587 | B33: CAMPO OPERATÓRIO – Pré encolhido | C33: 25X28 PCT C/2 UND | E33: 300 | F33: Med Mais | H33: =(I33*$I$7)+I33 -> 2.968 | I33: 2.8
A35: ATADURAS - LINHA FARMA
A36: 163 | B36: ATADURA DE CREPE | C36: 10CM x 1,20M | D36: 13 FIOS | E36: 110 DUZIAS | F36: Med Mais | H36: =(I36*$I$7)+I36 -> 4.7276 | I36: 4.46
A37: 480 | B37: ATADURA DE CREPE | C37: 12CM x 1,20M | D37: 13 FIOS | E37: 110 DUZIAS | F37: Med Mais | H37: =(I37*$I$7)+I37 -> 5.8406 | I37: 5.51
A38: 164 | B38: ATADURA DE CREPE | C38: 15CM x 1,20M | D38: 13 FIOS | E38: 90 DUZIAS | F38: Med Mais | H38: =(I38*$I$7)+I38 -> 6.6992 | I38: 6.32
A39: 165 | B39: ATADURA DE CREPE | C39: 20CM x 1,20M | D39: 13 FIOS | E39: 70 DUZIAS | F39: Med Mais | H39: =(I39*$I$7)+I39 -> 8.6284 | I39: 8.14
A40: 166 | B40: ATADURA DE CREPE | C40: 30CM x 1,20M | D40: 13 FIOS | E40: 50 DUZIAS | F40: Med Mais | H40: =(I40*$I$7)+I40 -> 12.7836 | I40: 12.06
A41: 171 | B41: ATADURA DE CREPE | C41: 10CM x 1,80M | D41: 13 FIOS | E41: 100 DUZIAS | F41: Med Mais | H41: =(I41*$I$7)+I41 -> 6.413 | I41: 6.05
A42: 478 | B42: ATADURA DE CREPE | C42: 12CM x 1,80M | D42: 13 FIOS | E42: 90 DUZIAS | F42: Med Mais | H42: =(I42*$I$7)+I42 -> 8.0772 | I42: 7.62
A43: 172 | B43: ATADURA DE CREPE | C43: 15CM x 1,80M | D43: 13 FIOS | E43: 75 DUZIAS | F43: Med Mais | H43: =(I43*$I$7)+I43 -> 9.4446 | I43: 8.91
A44: 173 | B44: ATADURA DE CREPE | C44: 20CM x 1,80M | D44: 13 FIOS | E44: 60 DUZIAS | F44: Med Mais | H44: =(I44*$I$7)+I44 -> 12.2642 | I44: 11.57
A45: 174 | B45: ATADURA DE CREPE | C45: 30CM x 1,80M | D45: 13 FIOS | E45: 40 DUZIAS | F45: Med Mais | H45: =(I45*$I$7)+I45 -> 17.5642 | I45: 16.57
A47: ATADURAS - LINHA HOSPITALAR
A48: 414 | B48: ATADURA DE CREPE | C48: 10CM x 1,20M | D48: 13 FIOS | E48: 110 DUZIAS | F48: Med Mais | H48: =(I48*$I$7)+I48 -> 4.5792 | I48: 4.32
A49: 476 | B49: ATADURA DE CREPE | C49: 12CM x 1,20M | D49: 13 FIOS | E49: 104 DUZIAS | F49: Med Mais | H49: =(I49*$I$7)+I49 -> 5.6604 | I49: 5.34
A50: 419 | B50: ATADURA DE CREPE | C50: 15CM x 1,20M | D50: 13 FIOS | E50: 70 DUZIAS | F50: Med Mais | H50: =(I50*$I$7)+I50 -> 6.519 | I50: 6.15
A51: 423 | B51: ATADURA DE CREPE | C51: 20CM x 1,20M | D51: 13 FIOS | E51: 52 DUZIAS | F51: Med Mais | H51: =(I51*$I$7)+I51 -> 8.374 | I51: 7.9
A52: 427 | B52: ATADURA DE CREPE | C52: 30CM x 1,20M | D52: 13 FIOS | E52: 42 DUZIAS | F52: Med Mais | H52: =(I52*$I$7)+I52 -> 12.402 | I52: 11.7
A53: 417 | B53: ATADURA DE CREPE | C53: 10CM x 1,80M | D53: 13 FIOS | E53: 86 DUZIAS | F53: Med Mais | H53: =(I53*$I$7)+I53 -> 6.201 | I53: 5.85
A54: 474 | B54: ATADURA DE CREPE | C54: 12CM x 1,80M | D54: 13 FIOS | E54: 70 DUZIAS | F54: Med Mais | H54: =(I54*$I$7)+I54 -> 7.8334 | I54: 7.39
A55: 421 | B55: ATADURA DE CREPE | C55: 15CM x 1,80M | D55: 13 FIOS | E55: 60 DUZIAS | F55: Med Mais | H55: =(I55*$I$7)+I55 -> 9.169 | I55: 8.65
A56: 425 | B56: ATADURA DE CREPE | C56: 20CM x 1,80M | D56: 13 FIOS | E56: 44 DUZIAS | F56: Med Mais | H56: =(I56*$I$7)+I56 -> 11.8932 | I56: 11.22
A57: 429 | B57: ATADURA DE CREPE | C57: 30CM x 1,80M | D57: 13 FIOS | E57: 28 DUZIAS | F57: Med Mais | H57: =(I57*$I$7)+I57 -> 17.0236 | I57: 16.06
A59: Condições de pagamento: 28/35/42
A60: Frete: CIF | F60: Atualizado em 07/01/2026

Sheet UltraTextil 3%
A1: TABELA DE PREÇOS - LINHA
A6: COMPRESSAS DE GAZES – PACOTE
A7: CÓD. | B7: PRODUTO | C7: APRESENTAÇÃO | E7: UND CAIXA | F7: MARCA | G7: GRAMAT | H7: PREÇO
A9: 51 | B9: COMPRESSA DE GAZE NÃO ESTERIL | C9: 7,5 X 7,5 - 15x26 (aberta) | D9: 9 fios | E9: 40 | F9: Ultra Têxtil | G9: 500 und | H9: =(I9*$I$7)+I9 -> 14.46 | I9: 14.46
A10: 339 | B10: COMPRESSA DE GAZE NÃO ESTERIL | C10: 7,5 X 7,5 - 15x26 (aberta) | D10: 11 fios | E10: 32 | F10: Ultra Têxtil | G10: 500 und | H10: =(I10*$I$7)+I10 -> 16.58 | I10: 16.58
A11: 349 | B11: COMPRESSA DE GAZE NÃO ESTERIL | C11: 7,5 X 7,5 - 15x26 (aberta) | D11: 13 fios | E11: 32 | F11: Ultra Têxtil | G11: 500 und | H11: =(I11*$I$7)+I11 -> 19.22 | I11: 19.22
A13: COMPRESSAS HIDRÓFILA CIRCULAR – TIPO QUEIJO
A14: 132 | B14: GAZE HIDROFILA CIRCULAR | C14: Tipo Queijo 91 | D14: 9 fios | E14: 20 | F14: Ultra Têxtil | G14: 370gr | H14: =(I14*$I$7)+I14 -> 29.67 | I14: 29.67
A15: 294 | B15: GAZE HIDROFILA CIRCULAR | C15: Tipo Queijo 91 | D15: 11 fios | E15: 20 | F15: Ultra Têxtil | G15: 380gr | H15: =(I15*$I$7)+I15 -> 30.58 | I15: 30.58
A16: 300 | B16: GAZE HIDROFILA CIRCULAR | C16: Tipo Queijo 91 | D16: 13 fios | E16: 20 | F16: Ultra Têxtil | G16: 410gr | H16: =(I16*$I$7)+I16 -> 32.94 | I16: 32.94
A18: COMPRESSA ESTÉRIL
A19: 152 | B19: COMPRESSA ESTÉRIL – 9FIOS | C19: PCT 10 UND | D19: 9 fios | E19: 1000 | F19: Ultra Têxtil | H19: =(I19*$I$7)+I19 -> 0.44 | I19: 0.44
A20: 153 | B20: COMPRESSA ESTÉRIL – 11FIOS | C20: PCT 10 UND | D20: 11 fios | E20: 1000 | F20: Ultra Têxtil | H20: =(I20*$I$7)+I20 -> 0.47 | I20: 0.47
A21: 154 | B21: COMPRESSA ESTÉRIL – 13FIOS | C21: PCT 10 UND | D21: 13 fios | E21: 1000 | F21: Ultra Têxtil | H21: =(I21*$I$7)+I21 -> 0.49 | I21: 0.49
A23: CAMPOS OPERATÓRIOS
A24: 155 | B24: CAMPO OPERATÓRIO - LEVE (Com Radiopaco) | C24: 45X50 PCT C/50 | E24: 12 | F24: Ultra Têxtil | G24: 20gr | H24: =(I24*$I$7)+I24 -> 71 | I24: 71
A25: 158 | B25: CAMPO OPERATÓRIO – Pré encolhido | C25: 25X28 PCT C/5 UND | E25: 150 | F25: Ultra Têxtil | G25: Estéril | H25: =(I25*$I$7)+I25 -> 6.98 | I25: 6.98
A27: Condições de pagamento: 28/35/42
A28: Frete: CIF | F28: Atualizado em 07/01/2026

Sheet UltraTextil 4%
A1: TABELA DE PREÇOS - LINHA
A6: COMPRESSAS DE GAZES – PACOTE
A7: CÓD. | B7: PRODUTO | C7: APRESENTAÇÃO | E7: UND CAIXA | F7: MARCA | G7: GRAMAT | H7: PREÇO | I7: 0.06
A9: 51 | B9: COMPRESSA DE GAZE NÃO ESTERIL | C9: 7,5 X 7,5 - 15x26 (aberta) | D9: 9 fios | E9: 40 | F9: Ultra Têxtil | G9: 500 und | H9: =(I9*$I$7)+I9 -> 15.3276 | I9: 14.46
A10: 339 | B10: COMPRESSA DE GAZE NÃO ESTERIL | C10: 7,5 X 7,5 - 15x26 (aberta) | D10: 11 fios | E10: 32 | F10: Ultra Têxtil | G10: 500 und | H10: =(I10*$I$7)+I10 -> 17.5748 | I10: 16.58
A11: 349 | B11: COMPRESSA DE GAZE NÃO ESTERIL | C11: 7,5 X 7,5 - 15x26 (aberta) | D11: 13 fios | E11: 32 | F11: Ultra Têxtil | G11: 500 und | H11: =(I11*$I$7)+I11 -> 20.3732 | I11: 19.22
A13: COMPRESSAS HIDRÓFILA CIRCULAR – TIPO QUEIJO
A14: 132 | B14: GAZE HIDROFILA CIRCULAR | C14: Tipo Queijo 91 | D14: 9 fios | E14: 20 | F14: Ultra Têxtil | G14: 370gr | H14: =(I14*$I$7)+I14 -> 31.4502 | I14: 29.67
A15: 294 | B15: GAZE HIDROFILA CIRCULAR | C15: Tipo Queijo 91 | D15: 11 fios | E15: 20 | F15: Ultra Têxtil | G15: 380gr | H15: =(I15*$I$7)+I15 -> 32.4148 | I15: 30.58
A16: 300 | B16: GAZE HIDROFILA CIRCULAR | C16: Tipo Queijo 91 | D16: 13 fios | E16: 20 | F16: Ultra Têxtil | G16: 410gr | H16: =(I16*$I$7)+I16 -> 34.9164 | I16: 32.94
A18: COMPRESSA ESTÉRIL
A19: 152 | B19: COMPRESSA ESTÉRIL – 9FIOS | C19: PCT 10 UND | D19: 9 fios | E19: 1000 | F19: Ultra Têxtil | H19: =(I19*$I$7)+I19 -> 0.4664 | I19: 0.44
A20: 153 | B20: COMPRESSA ESTÉRIL – 11FIOS | C20: PCT 10 UND | D20: 11 fios | E20: 1000 | F20: Ultra Têxtil | H20: =(I20*$I$7)+I20 -> 0.4982 | I20: 0.47
A21: 154 | B21: COMPRESSA ESTÉRIL – 13FIOS | C21: PCT 10 UND | D21: 13 fios | E21: 1000 | F21: Ultra Têxtil | H21: =(I21*$I$7)+I21 -> 0.5194 | I21: 0.49
A23: CAMPOS OPERATÓRIOS
A24: 155 | B24: CAMPO OPERATÓRIO - LEVE (Com Radiopaco) | C24: 45X50 PCT C/50 | E24: 12 | F24: Ultra Têxtil | G24: 15gr | H24: =(I24*$I$7)+I24 -> 75.26 | I24: 71
A25: 158 | B25: CAMPO OPERATÓRIO – Pré encolhido | C25: 25X28 PCT C/5 UND | E25: 150 | F25: Ultra Têxtil | G25: Estéril | H25: =(I25*$I$7)+I25 -> 7.3988 | I25: 6.98
A27: Condições de pagamento: 28/35/42
A28: Frete: CIF | F28: Atualizado em 07/01/2026

Sheet MedTextil 3%
A1: TABELA DE PREÇOS - LINHA
A6: COMPRESSAS DE GAZES – PACOTE
A7: CÓD. | B7: PRODUTO | C7: APRESENTAÇÃO | E7: UND CAIXA | F7: MARCA | G7: GRAMAT | H7: PREÇO
A9: 1957 | B9: COMPRESSA DE GAZE NÃO ESTERIL | C9: 7,5 X 7,5 - 15x30 (aberta) | D9: 9 fios | F9: Medtextil | G9: 500 und | H9: =(I9*$I$7)+I9 -> 27.88 | I9: 27.88
A10: 1958 | B10: COMPRESSA DE GAZE NÃO ESTERIL | C10: 7,5 X 7,5 - 15x30 (aberta) | D10: 11 fios | F10: Medtextil | G10: 500 und | H10: =(I10*$I$7)+I10 -> 28.67 | I10: 28.67
A11: 1959 | B11: COMPRESSA DE GAZE NÃO ESTERIL | C11: 7,5 X 7,5 - 15x30 (aberta) | D11: 13 fios | F11: Medtextil | G11: 500 und | H11: =(I11*$I$7)+I11 -> 30.77 | I11: 30.77
A13: COMPRESSAS HIDRÓFILA CIRCULAR – TIPO QUEIJO
A14: 1960 | B14: GAZE HIDROFILA CIRCULAR | C14: Tipo Queijo 91cm x 91m | D14: 9 fios | F14: Medtextil | G14: 1.460gr | H14: =(I14*$I$7)+I14 -> 94.88 | I14: 94.88
A15: 1961 | B15: GAZE HIDROFILA CIRCULAR | C15: Tipo Queijo 91cm x 91m | D15: 11 fios | F15: Medtextil | G15: 1.530gr | H15: =(I15*$I$7)+I15 -> 98.7 | I15: 98.7
A16: 1962 | B16: GAZE HIDROFILA CIRCULAR | C16: Tipo Queijo 91cm x 91m | D16: 13 fios | F16: Medtextil | G16: 1.650gr | H16: =(I16*$I$7)+I16 -> 107.44 | I16: 107.44
A18: COMPRESSA ESTÉRIL
A19: 1641 | B19: COMPRESSA ESTÉRIL – 9FIOS 7,50 X 7,50 | C19: PCT 10 UND | D19: 9 fios | F19: MedTextil | H19: =(I19*$I$7)+I19 -> 0.6 | I19: 0.6
A20: 1642 | B20: COMPRESSA ESTÉRIL – 11FIOS 7,50 X 7,50 | C20: PCT 10 UND | D20: 11 fios | F20: MedTextil | H20: =(I20*$I$7)+I20 -> 0.62 | I20: 0.62
A21: 1643 | B21: COMPRESSA ESTÉRIL – 13FIOS 7,50 X 7,50 | C21: PCT 10 UND | D21: 13 fios | F21: MedTextil | H21: =(I21*$I$7)+I21 -> 0.65 | I21: 0.65
A23: CAMPOS OPERATÓRIOS
A24: 1209 | B24: CAMPO OPERATÓRIO - LEVE | C24: 45X50 PCT C/50 | F24: MedTextil | G24: 25gr | H24: =(I24*$I$7)+I24 -> 86.5 | I24: 86.5
A25: 1640 | B25: CAMPO OPERATÓRIO – Pré encolhido | C25: 25X28 PCT C/5 UND | F25: MedTextil | G25: Estéril | H25: =(I25*$I$7)+I25 -> 7.96 | I25: 7.96
A26: 1639 | B26: CAMPO OPERATÓRIO – Pré encolhido | C26: 25X28 PCT C/2 UND | F26: MedTextil | G26: Estéril | H26: =(I26*$I$7)+I26 -> 4.28 | I26: 4.28
A28: ATADURAS - LINHA FARMA
A29: 159 | B29: ATADURA DE CREPE | C29: 10CM x 1,20M | D29: 13 FIOS | E29: 110 DUZIAS | F29: MedTextil | H29: =(I29*$I$7)+I29 -> 5.21 | I29: 5.21
A30: 481 | B30: ATADURA DE CREPE | C30: 12CM x 1,20M | D30: 13 FIOS | E30: 85 DUZIAS | F30: MedTextil | H30: =(I30*$I$7)+I30 -> 6.44 | I30: 6.44
A31: 160 | B31: ATADURA DE CREPE | C31: 15CM x 1,20M | D31: 13 FIOS | E31: 80 DUZIAS | F31: MedTextil | H31: =(I31*$I$7)+I31 -> 7.38 | I31: 7.38
A32: 161 | B32: ATADURA DE CREPE | C32: 20CM x 1,20M | D32: 13 FIOS | E32: 70 DUZIAS | F32: MedTextil | H32: =(I32*$I$7)+I32 -> 9.49 | I32: 9.49
A33: 162 | B33: ATADURA DE CREPE | C33: 30CM x 1,20M | D33: 13 FIOS | E33: 45 DUZIAS | F33: MedTextil | H33: =(I33*$I$7)+I33 -> 14.13 | I33: 14.13
A34: 167 | B34: ATADURA DE CREPE | C34: 10CM x 1,80M | D34: 13 FIOS | E34: 90 DUZIAS | F34: MedTextil | H34: =(I34*$I$7)+I34 -> 7.19 | I34: 7.19
A35: 479 | B35: ATADURA DE CREPE | C35: 12CM x 1,80M | D35: 13 FIOS | E35: 80 DUZIAS | F35: MedTextil | H35: =(I35*$I$7)+I35 -> 8.9 | I35: 8.9
A36: 168 | B36: ATADURA DE CREPE | C36: 15CM x 1,80M | D36: 13 FIOS | E36: 70 DUZIAS | F36: MedTextil | H36: =(I36*$I$7)+I36 -> 10.52 | I36: 10.52
A37: 169 | B37: ATADURA DE CREPE | C37: 20CM x 1,80M | D37: 13 FIOS | E37: 60 DUZIAS | F37: MedTextil | H37: =(I37*$I$7)+I37 -> 13.51 | I37: 13.51
A38: 170 | B38: ATADURA DE CREPE | C38: 30CM x 1,80M | D38: 13 FIOS | E38: 35 DUZIAS | F38: MedTextil | H38: =(I38*$I$7)+I38 -> 19.48 | I38: 19.48
A40: ATADURAS - LINHA HOSPITALAR
A41: 416 | B41: ATADURA DE CREPE | C41: 10CM x 1,20M | D41: 13 FIOS | E41: 100 DUZIAS | F41: MedTextil | H41: =(I41*$I$7)+I41 -> 5.05 | I41: 5.05
A42: 477 | B42: ATADURA DE CREPE | C42: 12CM x 1,20M | D42: 13 FIOS | E42: 90 DUZIAS | F42: MedTextil | H42: =(I42*$I$7)+I42 -> 6.25 | I42: 6.25
A43: 420 | B43: ATADURA DE CREPE | C43: 15CM x 1,20M | D43: 13 FIOS | E43: 66 DUZIAS | F43: MedTextil | H43: =(I43*$I$7)+I43 -> 7.1 | I43: 7.1
A44: 424 | B44: ATADURA DE CREPE | C44: 20CM x 1,20M | D44: 13 FIOS | E44: 48 DUZIAS | F44: MedTextil | H44: =(I44*$I$7)+I44 -> 9.2 | I44: 9.2
A45: 428 | B45: ATADURA DE CREPE | C45: 30CM x 1,20M | D45: 13 FIOS | E45: 32 DUZIAS | F45: MedTextil | H45: =(I45*$I$7)+I45 -> 13.72 | I45: 13.72
A46: 418 | B46: ATADURA DE CREPE | C46: 10CM x 1,80M | D46: 13 FIOS | E46: 76 DUZIAS | F46: MedTextil | H46: =(I46*$I$7)+I46 -> 7 | I46: 7
A47: 475 | B47: ATADURA DE CREPE | C47: 12CM x 1,80M | D47: 13 FIOS | E47: 60 DUZIAS | F47: MedTextil | H47: =(I47*$I$7)+I47 -> 8.62 | I47: 8.62
A48: 422 | B48: ATADURA DE CREPE | C48: 15CM x 1,80M | D48: 13 FIOS | E48: 48 DUZIAS | F48: MedTextil | H48: =(I48*$I$7)+I48 -> 10.19 | I48: 10.19
A49: 426 | B49: ATADURA DE CREPE | C49: 20CM x 1,80M | D49: 13 FIOS | E49: 38 DUZIAS | F49: MedTextil | H49: =(I49*$I$7)+I49 -> 13.11 | I49: 13.11
A50: 430 | B50: ATADURA DE CREPE | C50: 30CM x 1,80M | D50: 13 FIOS | E50: 26 DUZIAS | F50: MedTextil | H50: =(I50*$I$7)+I50 -> 18.91 | I50: 18.91
A52: Condições de pagamento: 28/35/42
A53: Frete: CIF | F53: Atualizado em 07/01/2026

Sheet MedTextil 4%
A1: TABELA DE PREÇOS - LINHA
A6: COMPRESSAS DE GAZES – PACOTE
A7: CÓD. | B7: PRODUTO | C7: APRESENTAÇÃO | E7: UND CAIXA | F7: MARCA | G7: GRAMAT | H7: PREÇO | I7: 0.06
A9: 1957 | B9: COMPRESSA DE GAZE NÃO ESTERIL | C9: 7,5 X 7,5 - 15x30 (aberta) | D9: 9 fios | E9: 40 | F9: Medtextil | G9: 500 und | H9: =(I9*$I$7)+I9 -> 29.5528 | I9: 27.88
A10: 1958 | B10: COMPRESSA DE GAZE NÃO ESTERIL | C10: 7,5 X 7,5 - 15x30 (aberta) | D10: 11 fios | E10: 32 | F10: Medtextil | G10: 500 und | H10: =(I10*$I$7)+I10 -> 30.3902 | I10: 28.67
A11: 1959 | B11: COMPRESSA DE GAZE NÃO ESTERIL | C11: 7,5 X 7,5 - 15x30 (aberta) | D11: 13 fios | E11: 32 | F11: Medtextil | G11: 500 und | H11: =(I11*$I$7)+I11 -> 32.6162 | I11: 30.77
A13: COMPRESSAS HIDRÓFILA CIRCULAR – TIPO QUEIJO
A14: 1960 | B14: GAZE HIDROFILA CIRCULAR | C14: Tipo Queijo 91cm x 91m | D14: 9 fios | F14: Medtextil | G14: 1.460gr | H14: =(I14*$I$7)+I14 -> 100.5728 | I14: 94.88
A15: 1961 | B15: GAZE HIDROFILA CIRCULAR | C15: Tipo Queijo 91cm x 91m | D15: 11 fios | F15: Medtextil | G15: 1.530gr | H15: =(I15*$I$7)+I15 -> 104.622 | I15: 98.7
A16: 1962 | B16: GAZE HIDROFILA CIRCULAR | C16: Tipo Queijo 91cm x 91m | D16: 13 fios | F16: Medtextil | G16: 1.650gr | H16: =(I16*$I$7)+I16 -> 113.8864 | I16: 107.44
A18: COMPRESSA ESTÉRIL
A19: 1641 | B19: COMPRESSA ESTÉRIL – 9FIOS 7,50 X 7,50 | C19: PCT 10 UND | D19: 9 fios | E19: 1000 | F19: MedTextil | H19: =(I19*$I$7)+I19 -> 0.636 | I19: 0.6
A20: 1642 | B20: COMPRESSA ESTÉRIL – 11FIOS 7,50 X 7,50 | C20: PCT 10 UND | D20: 11 fios | E20: 1000 | F20: MedTextil | H20: =(I20*$I$7)+I20 -> 0.6572 | I20: 0.62
A21: 1643 | B21: COMPRESSA ESTÉRIL – 13FIOS 7,50 X 7,50 | C21: PCT 10 UND | D21: 13 fios | E21: 1000 | F21: MedTextil | H21: =(I21*$I$7)+I21 -> 0.689 | I21: 0.65
A23: CAMPOS OPERATÓRIOS
A24: 1209 | B24: CAMPO OPERATÓRIO - LEVE | C24: 45X50 PCT C/50 | E24: 12 | F24: MedTextil | G24: 15gr | H24: =(I24*$I$7)+I24 -> 91.69 | I24: 86.5
A25: 1640 | B25: CAMPO OPERATÓRIO – Pré encolhido | C25: 25X28 PCT C/5 UND | E25: 150 | F25: MedTextil | G25: Estéril | H25: =(I25*$I$7)+I25 -> 8.4376 | I25: 7.96
A26: 1639 | B26: CAMPO OPERATÓRIO – Pré encolhido | C26: 25X28 PCT C/2 UND | E26: 300 | F26: MedTextil | G26: Estéril | H26: =(I26*$I$7)+I26 -> 4.5368 | I26: 4.28
A28: ATADURAS - LINHA FARMA
A29: 159 | B29: ATADURA DE CREPE | C29: 10CM x 1,20M | D29: 13 FIOS | E29: 110 DUZIAS | F29: MedTextil | H29: =(I29*$I$7)+I29 -> 5.5226 | I29: 5.21
A30: 481 | B30: ATADURA DE CREPE | C30: 12CM x 1,20M | D30: 13 FIOS | E30: 85 DUZIAS | F30: MedTextil | H30: =(I30*$I$7)+I30 -> 6.8264 | I30: 6.44
A31: 160 | B31: ATADURA DE CREPE | C31: 15CM x 1,20M | D31: 13 FIOS | E31: 80 DUZIAS | F31: MedTextil | H31: =(I31*$I$7)+I31 -> 7.8228 | I31: 7.38
A32: 161 | B32: ATADURA DE CREPE | C32: 20CM x 1,20M | D32: 13 FIOS | E32: 70 DUZIAS | F32: MedTextil | H32: =(I32*$I$7)+I32 -> 10.0594 | I32: 9.49
A33: 162 | B33: ATADURA DE CREPE | C33: 30CM x 1,20M | D33: 13 FIOS | E33: 45 DUZIAS | F33: MedTextil | H33: =(I33*$I$7)+I33 -> 14.9778 | I33: 14.13
A34: 167 | B34: ATADURA DE CREPE | C34: 10CM x 1,80M | D34: 13 FIOS | E34: 90 DUZIAS | F34: MedTextil | H34: =(I34*$I$7)+I34 -> 7.6214 | I34: 7.19
A35: 479 | B35: ATADURA DE CREPE | C35: 12CM x 1,80M | D35: 13 FIOS | E35: 80 DUZIAS | F35: MedTextil | H35: =(I35*$I$7)+I35 -> 9.434 | I35: 8.9
A36: 168 | B36: ATADURA DE CREPE | C36: 15CM x 1,80M | D36: 13 FIOS | E36: 70 DUZIAS | F36: MedTextil | H36: =(I36*$I$7)+I36 -> 11.1512 | I36: 10.52
A37: 169 | B37: ATADURA DE CREPE | C37: 20CM x 1,80M | D37: 13 FIOS | E37: 60 DUZIAS | F37: MedTextil | H37: =(I37*$I$7)+I37 -> 14.3206 | I37: 13.51
A38: 170 | B38: ATADURA DE CREPE | C38: 30CM x 1,80M | D38: 13 FIOS | E38: 35 DUZIAS | F38: MedTextil | H38: =(I38*$I$7)+I38 -> 20.6488 | I38: 19.48
A40: ATADURAS - LINHA HOSPITALAR
A41: 416 | B41: ATADURA DE CREPE | C41: 10CM x 1,20M | D41: 13 FIOS | E41: 100 DUZIAS | F41: MedTextil | H41: =(I41*$I$7)+I41 -> 5.353 | I41: 5.05
A42: 477 | B42: ATADURA DE CREPE | C42: 12CM x 1,20M | D42: 13 FIOS | E42: 90 DUZIAS | F42: MedTextil | H42: =(I42*$I$7)+I42 -> 6.625 | I42: 6.25
A43: 420 | B43: ATADURA DE CREPE | C43: 15CM x 1,20M | D43: 13 FIOS | E43: 66 DUZIAS | F43: MedTextil | H43: =(I43*$I$7)+I43 -> 7.526 | I43: 7.1
A44: 424 | B44: ATADURA DE CREPE | C44: 20CM x 1,20M | D44: 13 FIOS | E44: 48 DUZIAS | F44: MedTextil | H44: =(I44*$I$7)+I44 -> 9.752 | I44: 9.2
A45: 428 | B45: ATADURA DE CREPE | C45: 30CM x 1,20M | D45: 13 FIOS | E45: 32 DUZIAS | F45: MedTextil | H45: =(I45*$I$7)+I45 -> 14.5432 | I45: 13.72
A46: 418 | B46: ATADURA DE CREPE | C46: 10CM x 1,80M | D46: 13 FIOS | E46: 76 DUZIAS | F46: MedTextil | H46: =(I46*$I$7)+I46 -> 7.42 | I46: 7
A47: 475 | B47: ATADURA DE CREPE | C47: 12CM x 1,80M | D47: 13 FIOS | E47: 60 DUZIAS | F47: MedTextil | H47: =(I47*$I$7)+I47 -> 9.1372 | I47: 8.62
A48: 422 | B48: ATADURA DE CREPE | C48: 15CM x 1,80M | D48: 13 FIOS | E48: 48 DUZIAS | F48: MedTextil | H48: =(I48*$I$7)+I48 -> 10.8014 | I48: 10.19
A49: 426 | B49: ATADURA DE CREPE | C49: 20CM x 1,80M | D49: 13 FIOS | E49: 38 DUZIAS | F49: MedTextil | H49: =(I49*$I$7)+I49 -> 13.8966 | I49: 13.11
A50: 430 | B50: ATADURA DE CREPE | C50: 30CM x 1,80M | D50: 13 FIOS | E50: 26 DUZIAS | F50: MedTextil | H50: =(I50*$I$7)+I50 -> 20.0446 | I50: 18.91
A52: Condições de pagamento: 28/35/42
A53: Frete: CIF | F53: Atualizado em 07/01/2026
